Index,Time,TVITCH_41::ACRX.ORDER_ID..TVITCH_41__ACRX,TVITCH_41::ACRX.BUY_SELL_FLAG..TVITCH_41__ACRX,TVITCH_41::ACRX.MESSAGE_TYPE..TVITCH_41__ACRX,TVITCH_41::ACRX.RECORD_TYPE..TVITCH_41__ACRX,TVITCH_41::ACRX.MPID..TVITCH_41__ACRX,TVITCH_41::ACRX.DELETED_TIME..TVITCH_41__ACRX,TVITCH_41::ACRX.TICK_STATUS..TVITCH_41__ACRX,TVITCH_41::ACRX.PRICE..TVITCH_41__ACRX,TVITCH_41::ACRX.SIZE..TVITCH_41__ACRX,TVITCH_41::ACRX.OMDSEQ..TVITCH_41__ACRX
1,2016/12/27 09:30:00.034,2446033,0,A,R,NSDQ,,0,2.75,1810,497
2,2016/12/27 09:30:00.034,4120589,1,A,R,NSDQ,,0,2.85,6824,498
3,2016/12/27 09:30:00.034,3410229,0,A,R,NSDQ,,0,2.75,2000,499
4,2016/12/27 09:30:00.034,4594865,1,A,R,NSDQ,,0,2.85,5,500
5,2016/12/27 09:30:00.034,4580581,0,A,R,NSDQ,,0,2.75,180,501
6,2016/12/27 09:30:00.034,5328649,1,A,R,NSDQ,,0,2.85,1500,502
7,2016/12/27 09:30:00.034,2446025,0,A,R,NSDQ,,0,2.7,2000,503
8,2016/12/27 09:30:00.034,2342629,1,A,R,NSDQ,,0,3,1500,504
9,2016/12/27 09:30:00.034,2311649,0,A,R,NSDQ,,0,2.65,4500,505
10,2016/12/27 09:30:00.034,2847573,1,A,R,NSDQ,,0,3,700,506
11,2016/12/27 09:30:00.034,2446017,0,A,R,NSDQ,,0,2.65,1000,507
12,2016/12/27 09:30:00.034,2847581,1,A,R,NSDQ,,0,3,475,508
13,2016/12/27 09:30:00.034,2847673,0,A,R,NSDQ,,0,2.65,300,509
14,2016/12/27 09:30:00.034,3761461,1,F,R,UBSS,,0,3,50,510
15,2016/12/27 09:30:00.034,3761457,0,F,R,UBSS,,0,2.65,400,511
16,2016/12/27 09:30:00.034,3761473,1,F,R,UBSS,,0,3,1416,512
17,2016/12/27 09:30:00.034,3871933,0,A,R,NSDQ,,0,2.65,500,513
18,2016/12/27 09:30:00.034,3871925,1,A,R,NSDQ,,0,3,10800,514
19,2016/12/27 09:30:00.034,3872033,0,A,R,NSDQ,,0,2.65,15000,515
20,2016/12/27 09:30:00.034,4492581,1,A,R,NSDQ,,0,3,250,516
21,2016/12/27 09:30:00.034,2446021,0,A,R,NSDQ,,0,2.6,2000,517
22,2016/12/27 09:30:00.034,4550657,1,A,R,NSDQ,,0,3,10,518
23,2016/12/27 09:30:00.034,3761465,0,F,R,UBSS,,0,2.6,4000,519
24,2016/12/27 09:30:00.034,3871945,1,A,R,NSDQ,,0,3.05,1000,520
25,2016/12/27 09:30:00.034,2060973,0,A,R,NSDQ,,0,2.55,500,521
26,2016/12/27 09:30:00.034,157653,1,A,R,NSDQ,,0,3.1,500,522
27,2016/12/27 09:30:00.034,3761469,0,F,R,UBSS,,0,2.55,10000,523
28,2016/12/27 09:30:00.034,3761477,1,F,R,UBSS,,0,3.1,200,524
29,2016/12/27 09:30:00.034,4955677,0,A,R,NSDQ,,0,2.55,3400,525
30,2016/12/27 09:30:00.034,2846929,1,A,R,NSDQ,,0,3.15,5000,526
31,2016/12/27 09:30:00.034,2155473,0,A,R,NSDQ,,0,2.5,200,527
32,2016/12/27 09:30:00.034,2847653,1,A,R,NSDQ,,0,3.2,50,528
33,2016/12/27 09:30:00.035,6662653,1,F,R,GSCO,,0,3,10500,321
34,2016/12/27 09:30:00.035,6662685,0,F,R,GSCO,,0,2.6,10500,347
35,2016/12/27 09:30:00.041,6665029,1,F,R,GSCO,,0,3,10500,99
36,2016/12/27 09:30:00.041,6665045,0,F,R,GSCO,,0,2.6,10500,100
37,2016/12/27 09:30:00.144,2198461,0,A,R,NSDQ,,0,2.5,1000,365
38,2016/12/27 09:30:00.144,4501973,1,A,R,NSDQ,,0,3.2,94,366
39,2016/12/27 09:30:00.144,2262397,0,A,R,NSDQ,,0,2.5,1600,367
40,2016/12/27 09:30:00.144,105309,1,A,R,NSDQ,,0,3.25,5000,368
41,2016/12/27 09:30:00.144,2846917,0,A,R,NSDQ,,0,2.5,5000,369
42,2016/12/27 09:30:00.144,3872025,1,A,R,NSDQ,,0,3.25,1242,370
43,2016/12/27 09:30:00.144,2846937,0,A,R,NSDQ,,0,2.5,300,371
44,2016/12/27 09:30:00.144,129117,1,A,R,NSDQ,,0,3.3,400,372
45,2016/12/27 09:30:00.144,3872037,0,A,R,NSDQ,,0,2.5,300,373
46,2016/12/27 09:30:00.144,3761481,1,F,R,UBSS,,0,3.3,922,374
47,2016/12/27 09:30:00.144,148109,0,A,R,NSDQ,,0,2.45,500,375
48,2016/12/27 09:30:00.144,4388713,1,A,R,NSDQ,,0,3.3,157,376
49,2016/12/27 09:30:00.144,2060309,0,A,R,NSDQ,,0,2.45,2000,377
50,2016/12/27 09:30:00.144,4500657,1,A,R,NSDQ,,0,3.3,75,378
51,2016/12/27 09:30:00.144,2329361,0,A,R,NSDQ,,0,2.45,4000,379
52,2016/12/27 09:30:00.144,2846941,1,A,R,NSDQ,,0,3.35,500,380
53,2016/12/27 09:30:00.144,2847669,0,A,R,NSDQ,,0,2.45,1200,381
54,2016/12/27 09:30:00.144,3761489,1,F,R,UBSS,,0,3.35,600,382
55,2016/12/27 09:30:00.144,30797,0,A,R,NSDQ,,0,2.4,3000,383
56,2016/12/27 09:30:00.144,2326041,1,A,R,NSDQ,,0,3.45,3000,384
57,2016/12/27 09:30:00.144,164369,0,A,R,NSDQ,,0,2.4,500,385
58,2016/12/27 09:30:00.144,2847585,1,A,R,NSDQ,,0,3.45,295,386
59,2016/12/27 09:30:00.144,3871937,0,A,R,NSDQ,,0,2.4,25000,387
60,2016/12/27 09:30:00.144,157657,1,A,R,NSDQ,,0,3.5,500,388
61,2016/12/27 09:30:00.144,4955669,0,A,R,NSDQ,,0,2.4,4400,389
62,2016/12/27 09:30:00.144,30285,0,A,R,NSDQ,,0,2,75,390
63,2016/12/27 09:30:00.144,3364021,0,F,R,MLCO,,0,2,100,391
64,2016/12/27 09:30:00.144,3722957,0,F,R,VFIN,,0,2,100,392
65,2016/12/27 09:30:00.144,4156597,0,F,R,ROTH,,0,2,100,393
66,2016/12/27 09:30:00.144,4167249,0,F,R,WEDB,,0,2,100,394
67,2016/12/27 09:30:00.144,4172001,0,F,R,JANY,,0,2,100,395
68,2016/12/27 09:30:00.144,4322501,0,F,R,ARXS,,0,2,100,396
69,2016/12/27 09:30:00.144,4983341,0,F,R,JPMS,,0,2,100,397
70,2016/12/27 09:30:00.144,5501809,0,F,R,GUGS,,0,2,100,398
71,2016/12/27 09:30:00.144,5503029,0,F,R,STFL,,0,2,100,399
72,2016/12/27 09:30:00.144,5503201,0,F,R,RBCM,,0,2,100,400
73,2016/12/27 09:30:00.144,5503701,0,F,R,PIPR,,0,2,100,401
74,2016/12/27 09:30:00.144,5505993,0,F,R,MAXM,,0,2,100,402
75,2016/12/27 09:30:00.144,5506985,0,F,R,COWN,,0,2,100,403
76,2016/12/27 09:30:00.144,5513817,0,F,R,WBLR,,0,2,100,404
77,2016/12/27 09:30:00.144,5517589,0,F,R,FBRC,,0,2,100,405
78,2016/12/27 09:30:00.144,5519901,0,F,R,JEFF,,0,2,100,406
79,2016/12/27 09:30:00.144,5522157,0,F,R,BARD,,0,2,100,407
80,2016/12/27 09:30:00.144,5523541,0,F,R,CSTI,,0,2,100,408
81,2016/12/27 09:30:00.144,5524365,0,F,R,JSSF,,0,2,100,409
82,2016/12/27 09:30:00.144,5529021,0,F,R,LEER,,0,2,100,410
83,2016/12/27 09:30:00.144,5534225,0,F,R,ADAM,,0,2,100,411
84,2016/12/27 09:30:00.144,5539937,0,F,R,WCHV,,0,2,100,412
85,2016/12/27 09:30:00.144,5541197,0,F,R,BKMM,,0,2,100,413
86,2016/12/27 09:30:00.144,5543921,0,F,R,RHCO,,0,2,100,414
87,2016/12/27 09:30:00.144,5691137,0,F,R,NITE,,0,2,100,415
88,2016/12/27 09:30:00.144,3761485,0,F,R,UBSS,,0,1.9,100,416
89,2016/12/27 09:30:00.144,164413,0,A,R,NSDQ,,0,1.4,178,417
90,2016/12/27 09:30:00.271,6734097,1,A,R,NSDQ,,0,2.85,200,44
91,2016/12/27 09:30:00.271,6734241,0,F,R,CDRG,,0,2.1,100,294
92,2016/12/27 09:30:00.271,6734257,1,F,R,CDRG,,0,3.55,100,301
93,2016/12/27 09:30:00.312,6746849,1,F,R,UBSS,,0,3.6,100,545
94,2016/12/27 09:30:00.482,6799757,0,F,R,UBSS,,0,2,100,563
95,2016/12/27 09:30:00.545,6816145,1,A,R,NSDQ,,0,3.1,500,350
96,2016/12/27 09:30:00.703,2846953,0,A,R,NSDQ,,0,1.4,700,141
97,2016/12/27 09:30:00.703,158121,1,A,R,NSDQ,,0,3.5,500,142
98,2016/12/27 09:30:00.703,2103541,0,A,R,NSDQ,,0,1.05,700,143
99,2016/12/27 09:30:00.703,1625137,1,A,R,NSDQ,,0,3.5,25,144
100,2016/12/27 09:30:00.703,38149,0,A,R,NSDQ,,0,0.3,10,145
101,2016/12/27 09:30:00.703,2135537,1,A,R,NSDQ,,0,3.5,19513,146
102,2016/12/27 09:30:00.703,2846925,1,A,R,NSDQ,,0,3.5,400,147
103,2016/12/27 09:30:00.703,2846969,1,A,R,NSDQ,,0,3.5,2500,148
104,2016/12/27 09:30:00.703,157693,1,A,R,NSDQ,,0,3.6,500,149
105,2016/12/27 09:30:00.703,2846965,1,A,R,NSDQ,,0,3.6,160,150
106,2016/12/27 09:30:00.703,3362469,1,F,R,MLCO,,0,3.6,100,151
107,2016/12/27 09:30:00.703,3722961,1,F,R,VFIN,,0,3.6,100,152
108,2016/12/27 09:30:00.703,4156609,1,F,R,ROTH,,0,3.6,100,153
109,2016/12/27 09:30:00.703,4167265,1,F,R,WEDB,,0,3.6,100,154
110,2016/12/27 09:30:00.703,4172037,1,F,R,JANY,,0,3.6,100,155
111,2016/12/27 09:30:00.703,4322505,1,F,R,ARXS,,0,3.6,100,156
112,2016/12/27 09:30:00.703,4984429,1,F,R,JPMS,,0,3.6,100,157
113,2016/12/27 09:30:00.703,5502613,1,F,R,GUGS,,0,3.6,100,158
114,2016/12/27 09:30:00.703,5503117,1,F,R,JEFF,,0,3.6,100,159
115,2016/12/27 09:30:00.703,5506037,1,F,R,LEER,,0,3.6,100,160
116,2016/12/27 09:30:00.703,5506633,1,F,R,CSTI,,0,3.6,100,161
117,2016/12/27 09:30:00.703,5506917,1,F,R,JSSF,,0,3.6,100,162
118,2016/12/27 09:30:00.703,5509149,1,F,R,WCHV,,0,3.6,100,163
119,2016/12/27 09:30:00.703,5512621,1,F,R,RBCM,,0,3.6,100,164
120,2016/12/27 09:30:00.703,5512877,1,F,R,BKMM,,0,3.6,100,165
121,2016/12/27 09:30:00.703,5514281,1,F,R,STFL,,0,3.6,100,166
122,2016/12/27 09:30:00.703,5519369,1,F,R,MAXM,,0,3.6,100,167
123,2016/12/27 09:30:00.703,5523713,1,F,R,COWN,,0,3.6,100,168
124,2016/12/27 09:30:00.703,5525129,1,F,R,PIPR,,0,3.6,100,169
125,2016/12/27 09:30:00.703,5526593,1,F,R,ADAM,,0,3.6,100,170
126,2016/12/27 09:30:00.703,5528257,1,F,R,WBLR,,0,3.6,100,171
127,2016/12/27 09:30:00.703,5530713,1,F,R,FBRC,,0,3.6,100,172
128,2016/12/27 09:30:00.703,5535805,1,F,R,BARD,,0,3.6,100,173
129,2016/12/27 09:30:00.703,5546273,1,F,R,RHCO,,0,3.6,100,174
130,2016/12/27 09:30:00.703,5691209,1,F,R,NITE,,0,3.6,100,175
131,2016/12/27 09:30:00.703,3761493,1,F,R,UBSS,,0,3.65,1000,176
132,2016/12/27 09:30:00.703,157733,1,A,R,NSDQ,,0,3.7,500,177
133,2016/12/27 09:30:00.703,4351741,1,A,R,NSDQ,,0,3.7,55,178
134,2016/12/27 09:30:00.703,157645,1,A,R,NSDQ,,0,3.75,300,179
135,2016/12/27 09:30:00.703,2846985,1,A,R,NSDQ,,0,3.75,2000,180
136,2016/12/27 09:30:00.703,2990465,1,A,R,NSDQ,,0,3.75,2200,181
137,2016/12/27 09:30:00.703,4380193,1,A,R,NSDQ,,0,3.75,1,182
138,2016/12/27 09:30:00.703,58989,1,A,R,NSDQ,,0,3.8,1000,183
139,2016/12/27 09:30:01.138,6906233,0,F,R,CDRG,,0,2.4,100,211
140,2016/12/27 09:30:01.138,6906241,1,F,R,CDRG,,0,3.2,100,214
141,2016/12/27 09:30:01.297,2446033,0,EA,R,NSDQ,,0,2.75,810,148
142,2016/12/27 09:30:01.315,6964497,0,A,R,NSDQ,,0,2.75,500,15
143,2016/12/27 09:30:01.498,6996937,0,A,R,NSDQ,,0,2.75,3000,131
144,2016/12/27 09:30:01.498,6997037,0,A,R,NSDQ,,0,2.6,100,303
145,2016/12/27 09:30:01.498,6997045,1,A,R,NSDQ,,0,3,100,316
146,2016/12/27 09:30:01.843,6734097,1,D,R,NSDQ,,0,2.85,0,220
147,2016/12/27 09:30:01.854,7083309,1,A,R,NSDQ,,0,2.85,800,70
148,2016/12/27 09:30:01.883,6568033,1,D,R,SBSH,,0,100000,0,119
149,2016/12/27 09:30:02.218,6568021,0,D,R,SBSH,,0,0.05,0,373
150,2016/12/27 09:30:02.439,3761461,1,D,R,UBSS,,0,3,0,195
151,2016/12/27 09:30:02.440,3761473,1,D,R,UBSS,,0,3,0,18
152,2016/12/27 09:30:02.440,3761477,1,D,R,UBSS,,0,3.1,0,51
153,2016/12/27 09:30:02.440,3761481,1,D,R,UBSS,,0,3.3,0,77
154,2016/12/27 09:30:02.440,3761489,1,D,R,UBSS,,0,3.35,0,100
155,2016/12/27 09:30:02.440,3761493,1,D,R,UBSS,,0,3.65,0,158
156,2016/12/27 09:30:02.441,7200673,0,A,R,NSDQ,,0,2.4,100,200
157,2016/12/27 09:30:02.441,7200677,1,A,R,NSDQ,,0,3.2,100,205
158,2016/12/27 09:30:02.655,7223389,0,A,R,NSDQ,,0,2.5,100,118
159,2016/12/27 09:30:02.655,7223393,1,A,R,NSDQ,,0,3.1,100,123
160,2016/12/27 09:30:03.011,3761457,0,D,R,UBSS,,0,2.65,0,84
161,2016/12/27 09:30:03.011,3761465,0,D,R,UBSS,,0,2.6,0,95
162,2016/12/27 09:30:03.011,3761469,0,D,R,UBSS,,0,2.55,0,112
163,2016/12/27 09:30:03.011,3761485,0,D,R,UBSS,,0,1.9,0,122
164,2016/12/27 09:30:03.599,158013,1,A,R,NSDQ,,0,3.8,500,2
165,2016/12/27 09:30:03.599,4370697,1,A,R,NSDQ,,0,3.8,35,3
166,2016/12/27 09:30:03.599,158081,1,A,R,NSDQ,,0,3.85,500,4
167,2016/12/27 09:30:03.599,2846897,1,A,R,NSDQ,,0,3.85,300,5
168,2016/12/27 09:30:03.599,157845,1,A,R,NSDQ,,0,3.9,500,6
169,2016/12/27 09:30:03.599,2326881,1,A,R,NSDQ,,0,3.9,2000,7
170,2016/12/27 09:30:03.599,123281,1,A,R,NSDQ,,0,4,100,8
171,2016/12/27 09:30:03.599,157965,1,A,R,NSDQ,,0,4,500,9
172,2016/12/27 09:30:03.599,2060253,1,A,R,NSDQ,,0,4,1650,10
173,2016/12/27 09:30:03.599,2666089,1,A,R,NSDQ,,0,4,20,11
174,2016/12/27 09:30:03.599,2846893,1,A,R,NSDQ,,0,4,105,12
175,2016/12/27 09:30:03.599,2847569,1,A,R,NSDQ,,0,4,30,13
176,2016/12/27 09:30:03.599,4522737,1,A,R,NSDQ,,0,4,4,14
177,2016/12/27 09:30:03.599,2846933,1,A,R,NSDQ,,0,4.1,2500,15
178,2016/12/27 09:30:03.599,2846901,1,A,R,NSDQ,,0,4.3,1811,16
179,2016/12/27 09:30:03.774,7287301,0,A,R,NSDQ,,0,2.75,200,38
180,2016/12/27 09:30:04.206,7314565,0,F,R,LEHM,,0,2,100,18
181,2016/12/27 09:30:04.206,7314569,1,F,R,LEHM,,0,3.6,100,20
182,2016/12/27 09:30:04.271,7317493,0,A,R,NSDQ,,0,2.75,100,22
183,2016/12/27 09:30:05.870,2216561,1,A,R,NSDQ,,0,4.35,200,11
184,2016/12/27 09:30:05.870,1968761,1,A,R,NSDQ,,0,4.5,700,12
185,2016/12/27 09:30:05.870,2446037,1,A,R,NSDQ,,0,4.5,3000,13
186,2016/12/27 09:30:05.870,2846957,1,A,R,NSDQ,,0,4.5,200,14
187,2016/12/27 09:30:05.870,2846961,1,A,R,NSDQ,,0,4.5,4500,15
188,2016/12/27 09:30:05.870,50365,1,A,R,NSDQ,,0,5,1000,16
189,2016/12/27 09:30:05.870,83753,1,A,R,NSDQ,,0,5,200,17
190,2016/12/27 09:30:05.870,2446041,1,A,R,NSDQ,,0,5,4000,18
191,2016/12/27 09:30:05.870,2846913,1,A,R,NSDQ,,0,5,100,19
192,2016/12/27 09:30:05.870,2846921,1,A,R,NSDQ,,0,5,4500,20
193,2016/12/27 09:30:05.870,2846945,1,A,R,NSDQ,,0,5,2000,21
194,2016/12/27 09:30:05.870,4364173,1,A,R,NSDQ,,0,5,100,22
195,2016/12/27 09:30:05.870,4372621,1,A,R,NSDQ,,0,5,24,23
196,2016/12/27 09:30:05.870,2846949,1,A,R,NSDQ,,0,5.25,388,24
197,2016/12/27 09:30:05.870,2846889,1,A,R,NSDQ,,0,6.25,400,25
198,2016/12/27 09:30:05.870,114857,1,A,R,NSDQ,,0,6.5,25000,26
199,2016/12/27 09:30:07.664,2154929,1,A,R,NSDQ,,0,6.5,303,6
200,2016/12/27 09:30:07.664,114861,1,A,R,NSDQ,,0,6.95,20100,7
201,2016/12/27 09:30:07.664,2846905,1,A,R,NSDQ,,0,7.5,1000,8
202,2016/12/27 09:30:07.664,3262473,1,A,R,NSDQ,,0,7.5,61,9
203,2016/12/27 09:30:07.664,4351033,1,A,R,NSDQ,,0,7.5,100,10
204,2016/12/27 09:30:07.664,5843485,1,A,R,NSDQ,,0,7.5,12,11
205,2016/12/27 09:30:07.664,75701,1,A,R,NSDQ,,0,8,1600,12
206,2016/12/27 09:30:07.664,2846909,1,A,R,NSDQ,,0,8,200,13
207,2016/12/27 09:30:07.664,2238361,1,A,R,NSDQ,,0,9,150,14
208,2016/12/27 09:30:07.664,5843489,1,A,R,NSDQ,,0,10,18267,15
209,2016/12/27 09:30:09.180,2847577,1,A,R,NSDQ,,0,10.5,1000,13
210,2016/12/27 09:30:09.180,30185,1,A,R,NSDQ,,0,10.6,500,14
211,2016/12/27 09:30:09.180,5842901,1,A,R,NSDQ,,0,11.05,360,15
212,2016/12/27 09:30:09.180,143897,1,A,R,NSDQ,,0,11.25,50,16
213,2016/12/27 09:30:09.180,2847665,1,A,R,NSDQ,,0,11.75,550,17
214,2016/12/27 09:30:09.180,157649,1,A,R,NSDQ,,0,11.85,100,18
215,2016/12/27 09:30:10.443,123157,1,A,R,NSDQ,,0,14.55,50,17
216,2016/12/27 09:30:10.443,1959653,1,A,R,NSDQ,,0,15,37500,18
217,2016/12/27 09:30:10.443,77181,1,A,R,NSDQ,,0,16,65,19
218,2016/12/27 09:30:10.443,5842897,1,A,R,NSDQ,,0,20,400,20
219,2016/12/27 09:30:10.443,2847661,1,A,R,NSDQ,,0,35,483500,21
220,2016/12/27 09:30:12.159,7612773,1,F,R,SBSH,,0,3.35,100,21
221,2016/12/27 09:30:12.231,7615753,0,F,R,SBSH,,0,2.25,100,45
222,2016/12/27 09:31:01.640,3872033,0,D,R,NSDQ,,0,2.65,0,17
223,2016/12/27 09:31:01.663,8186969,1,A,R,NSDQ,,0,8.1,900,3
224,2016/12/27 09:31:01.887,3871925,1,D,R,NSDQ,,0,3,0,8
225,2016/12/27 09:31:01.887,3871937,0,D,R,NSDQ,,0,2.4,0,10
226,2016/12/27 09:31:01.887,5843489,1,D,R,NSDQ,,0,10,0,11
227,2016/12/27 09:31:01.899,8191137,1,A,R,NSDQ,,0,9,600,1
228,2016/12/27 09:31:03.267,8222097,0,A,R,NSDQ,,0,2.65,15000,44
229,2016/12/27 09:31:03.395,8225121,0,A,R,NSDQ,,0,2.4,25000,6
230,2016/12/27 09:31:03.475,8226885,1,A,R,NSDQ,,0,3,10800,0
231,2016/12/27 09:31:03.475,8226889,1,A,R,NSDQ,,0,10,18267,1
232,2016/12/27 09:31:13.362,8331321,1,A,R,NSDQ,,0,2.85,100,62
233,2016/12/27 09:32:20.701,8948821,1,A,R,NSDQ,,0,2.8,100,0
234,2016/12/27 09:32:20.701,6368377,1,UD,R,IMCC,,0,3,0,2
235,2016/12/27 09:32:20.701,8948825,1,UA,R,IMCC,,0,2.95,100,3
236,2016/12/27 09:32:20.701,8948837,1,A,R,NSDQ,,0,2.95,100,5
237,2016/12/27 09:32:20.701,7223393,1,D,R,NSDQ,,0,3.1,0,6
238,2016/12/27 09:32:20.731,8949013,0,A,R,NSDQ,,0,2.75,100,0
239,2016/12/27 09:32:23.774,7287301,0,D,R,NSDQ,,0,2.75,0,7
240,2016/12/27 09:32:23.945,8949013,0,D,R,NSDQ,,0,2.75,0,18
241,2016/12/27 09:32:23.948,8985125,0,A,R,NSDQ,,0,2.7,100,6
242,2016/12/27 09:32:24.271,7317493,0,D,R,NSDQ,,0,2.75,0,22
243,2016/12/27 09:32:32.003,8985125,0,D,R,NSDQ,,0,2.7,0,4
244,2016/12/27 09:32:32.006,9060229,0,A,R,NSDQ,,0,2.75,100,1
245,2016/12/27 09:32:32.398,9060229,0,D,R,NSDQ,,0,2.75,0,20
246,2016/12/27 09:32:32.401,9063313,0,A,R,NSDQ,,0,2.7,100,6
247,2016/12/27 09:32:41.442,9063313,0,D,R,NSDQ,,0,2.7,0,48
248,2016/12/27 09:32:41.445,9136341,0,A,R,NSDQ,,0,2.75,100,24
249,2016/12/27 09:32:49.927,9136341,0,D,R,NSDQ,,0,2.75,0,49
250,2016/12/27 09:32:49.929,9205449,0,A,R,NSDQ,,0,2.7,100,70
251,2016/12/27 09:32:58.600,9205449,0,D,R,NSDQ,,0,2.7,0,0
252,2016/12/27 09:32:58.602,9276045,0,A,R,NSDQ,,0,2.75,100,11
253,2016/12/27 09:32:59.388,9276045,0,D,R,NSDQ,,0,2.75,0,0
254,2016/12/27 09:32:59.390,9283309,0,A,R,NSDQ,,0,2.7,100,1
255,2016/12/27 09:33:01.699,8948821,1,D,R,NSDQ,,0,2.8,0,6
256,2016/12/27 09:33:01.699,6997045,1,D,R,NSDQ,,0,3,0,13
257,2016/12/27 09:33:01.699,9313133,1,A,R,NSDQ,,0,3.1,100,16
258,2016/12/27 09:33:05.582,9283309,0,D,R,NSDQ,,0,2.7,0,2
259,2016/12/27 09:33:05.585,9359809,0,A,R,NSDQ,,0,2.75,100,4
260,2016/12/27 09:33:17.703,9472465,1,A,R,NSDQ,,0,2.8,100,2
261,2016/12/27 09:33:17.703,9472465,1,EA,R,NSDQ,,0,2.8,0,3
262,2016/12/27 09:33:17.703,9472473,0,A,R,NSDQ,,0,2.8,3200,5
263,2016/12/27 09:33:17.703,9472473,0,EA,R,NSDQ,,0,2.8,2600,6
264,2016/12/27 09:33:17.703,6368369,0,UD,R,IMCC,,0,2.6,0,9
265,2016/12/27 09:33:17.703,9472489,0,UA,R,IMCC,,0,2.65,100,10
266,2016/12/27 09:33:17.703,9313133,1,D,R,NSDQ,,0,3.1,0,12
267,2016/12/27 09:33:17.703,9472497,1,A,R,NSDQ,,0,3.05,100,13
268,2016/12/27 09:33:17.703,9472509,0,A,R,NSDQ,,0,2.65,100,15
269,2016/12/27 09:33:17.703,9472513,0,A,R,NSDQ,,0,2.8,100,16
270,2016/12/27 09:33:17.703,7223389,0,D,R,NSDQ,,0,2.5,0,17
271,2016/12/27 09:33:17.704,6964497,0,D,R,NSDQ,,0,2.75,0,8
272,2016/12/27 09:33:17.705,9472541,0,A,R,NSDQ,,0,2.8,100,50
273,2016/12/27 09:33:17.705,8331321,1,D,R,NSDQ,,0,2.85,0,51
274,2016/12/27 09:33:17.705,9472473,0,D,R,NSDQ,,0,2.8,0,53
275,2016/12/27 09:33:17.706,9472569,0,A,R,NSDQ,,0,2.8,300,24
276,2016/12/27 09:33:17.708,9472593,1,A,R,NSDQ,,0,2.9,100,0
277,2016/12/27 09:33:18.150,9475193,0,A,R,NSDQ,,0,2.8,4200,50
278,2016/12/27 09:33:18.192,7615753,0,D,R,SBSH,,0,2.25,0,8
279,2016/12/27 09:33:18.192,9475381,0,F,R,SBSH,,0,2.3,100,10
280,2016/12/27 09:33:19.180,9472513,0,D,R,NSDQ,,0,2.8,0,0
281,2016/12/27 09:33:24.828,9537229,0,F,R,GSCO,,0,2.75,10500,0
282,2016/12/27 09:33:24.828,6301769,0,D,R,GSCO,,0,2.55,0,1
283,2016/12/27 09:33:26.120,9547137,0,F,R,GSCO,,0,2.7,10500,4
284,2016/12/27 09:33:26.120,5486217,0,D,R,GSCO,,0,2.55,0,5
285,2016/12/27 09:33:27.558,4120589,1,D,R,NSDQ,,0,2.85,0,37
286,2016/12/27 09:33:54.115,6996937,0,D,R,NSDQ,,0,2.75,0,4
287,2016/12/27 09:34:00.695,9855269,1,A,R,NSDQ,,0,2.85,200,30
288,2016/12/27 09:34:38.083,10171253,0,A,R,NSDQ,,0,2.75,2,1
289,2016/12/27 09:35:01.191,10355489,1,A,R,NSDQ,,0,2.85,300,5
290,2016/12/27 09:35:08.032,3410229,0,D,R,NSDQ,,0,2.75,0,4
291,2016/12/27 09:35:08.033,10443501,0,A,R,NSDQ,,0,2.75,2000,44
292,2016/12/27 09:36:54.595,4594865,1,D,R,NSDQ,,0,2.85,0,6
293,2016/12/27 09:37:34.615,10355489,1,D,R,NSDQ,,0,2.85,0,15
294,2016/12/27 09:37:51.348,6442569,0,UD,R,NSDQ,,0,2.7,0,2
295,2016/12/27 09:37:51.348,12120073,0,UA,R,NSDQ,,0,2.75,300,3
296,2016/12/27 09:40:51.604,13899289,1,A,R,NSDQ,,0,2.9,16,6
297,2016/12/27 09:44:37.448,7083309,1,D,R,NSDQ,,0,2.85,0,0
298,2016/12/27 09:44:37.449,15969897,1,A,R,NSDQ,,0,2.85,1700,3
299,2016/12/27 09:45:00.013,9475381,0,D,R,SBSH,,0,2.3,0,46
300,2016/12/27 09:45:00.013,7612773,1,D,R,SBSH,,0,3.35,0,48
301,2016/12/27 09:45:00.592,16255441,1,F,R,SBSH,,0,3,100,8
302,2016/12/27 09:45:01.378,16273665,0,F,R,SBSH,,0,2.6,100,16
303,2016/12/27 09:47:07.031,17924957,0,A,R,NSDQ,,0,2.8,100,10
304,2016/12/27 09:47:45.289,18389985,0,A,R,NSDQ,,0,2.8,100,9
305,2016/12/27 09:47:55.847,18528061,1,A,R,NSDQ,,0,2.85,100,5
306,2016/12/27 09:47:57.964,18528061,1,D,R,NSDQ,,0,2.85,0,9
307,2016/12/27 09:48:13.279,18774221,1,A,R,NSDQ,,0,2.85,100,9
308,2016/12/27 09:48:20.171,9475193,0,D,R,NSDQ,,0,2.8,0,11
309,2016/12/27 09:48:28.163,18966581,0,A,R,NSDQ,,0,2.8,6000,11
310,2016/12/27 09:49:13.601,8226885,1,D,R,NSDQ,,0,3,0,2
311,2016/12/27 09:49:13.725,19595177,1,A,R,NSDQ,,0,3,10800,4
312,2016/12/27 09:49:30.373,19766521,0,A,R,NSDQ,,0,2.75,100,9
313,2016/12/27 09:49:48.702,18774221,1,D,R,NSDQ,,0,2.85,0,9
314,2016/12/27 09:49:54.016,20003045,0,A,R,NSDQ,,0,2.8,100,6
315,2016/12/27 09:50:34.782,15969897,1,D,R,NSDQ,,0,2.85,0,57
316,2016/12/27 09:50:34.783,20499365,1,A,R,NSDQ,,0,2.85,1500,50
317,2016/12/27 09:51:13.561,2847673,0,D,R,NSDQ,,0,2.65,0,39
318,2016/12/27 09:51:40.560,4352353,1,EA,R,NSDQ,,0,2.85,0,10
319,2016/12/27 09:51:40.560,4353973,1,EA,R,NSDQ,,0,2.85,0,12
320,2016/12/27 09:51:40.560,5328649,1,EA,R,NSDQ,,0,2.85,0,14
321,2016/12/27 09:51:40.560,9855269,1,EA,R,NSDQ,,0,2.85,0,16
322,2016/12/27 09:51:40.560,20499365,1,EA,R,NSDQ,,0,2.85,0,18
323,2016/12/27 09:51:40.560,21097585,0,A,R,NSDQ,,0,2.8,3000,20
324,2016/12/27 09:51:40.560,21097593,0,A,R,NSDQ,,0,2.8,100,22
325,2016/12/27 09:51:40.560,21097597,1,A,R,NSDQ,,0,2.85,300,24
326,2016/12/27 09:51:40.560,21097601,1,A,R,NSDQ,,0,2.85,1500,25
327,2016/12/27 09:51:40.560,21097609,1,A,R,NSDQ,,0,2.85,200,27
328,2016/12/27 09:51:40.560,21097613,0,A,R,NSDQ,,0,2.8,300,28
329,2016/12/27 09:51:40.560,21097613,0,D,R,NSDQ,,0,2.8,0,30
330,2016/12/27 09:51:40.560,21097617,0,A,R,NSDQ,,0,2.8,2900,32
331,2016/12/27 09:51:40.561,21097597,1,EA,R,NSDQ,,0,2.85,251,2
332,2016/12/27 09:51:40.561,21097633,0,A,R,NSDQ,,0,2.8,2900,5
333,2016/12/27 09:51:40.561,21097637,0,A,R,NSDQ,,0,2.8,300,14
334,2016/12/27 09:51:40.561,21097641,0,A,R,NSDQ,,0,2.8,2900,15
335,2016/12/27 09:51:40.561,21097645,0,A,R,NSDQ,,0,2.8,2900,16
336,2016/12/27 09:51:40.561,21097637,0,D,R,NSDQ,,0,2.8,0,17
337,2016/12/27 09:51:40.561,21097649,0,A,R,NSDQ,,0,2.8,300,18
338,2016/12/27 09:51:40.561,21097653,0,A,R,NSDQ,,0,2.8,2900,19
339,2016/12/27 09:51:40.561,21097649,0,D,R,NSDQ,,0,2.8,0,20
340,2016/12/27 09:51:40.561,21097597,1,EA,R,NSDQ,,0,2.85,15,21
341,2016/12/27 09:51:40.561,21097661,0,A,R,NSDQ,,0,2.8,2900,23
342,2016/12/27 09:51:40.561,21097597,1,EA,R,NSDQ,,0,2.85,14,24
343,2016/12/27 09:51:40.561,21097669,0,A,R,NSDQ,,0,2.8,300,26
344,2016/12/27 09:51:40.561,21097673,0,A,R,NSDQ,,0,2.8,700,27
345,2016/12/27 09:51:40.561,21097669,0,D,R,NSDQ,,0,2.8,0,28
346,2016/12/27 09:51:40.561,21097585,0,D,R,NSDQ,,0,2.8,0,34
347,2016/12/27 09:51:40.561,21097617,0,D,R,NSDQ,,0,2.8,0,35
348,2016/12/27 09:51:40.562,21097633,0,D,R,NSDQ,,0,2.8,0,4
349,2016/12/27 09:51:40.562,21097641,0,D,R,NSDQ,,0,2.8,0,5
350,2016/12/27 09:51:40.562,21097597,1,EA,R,NSDQ,,0,2.85,0,6
351,2016/12/27 09:51:40.562,21097601,1,EA,R,NSDQ,,0,2.85,1196,8
352,2016/12/27 09:51:40.562,21097689,0,A,R,NSDQ,,0,2.8,2900,10
353,2016/12/27 09:51:40.562,21097645,0,D,R,NSDQ,,0,2.8,0,11
354,2016/12/27 09:51:40.562,21097653,0,D,R,NSDQ,,0,2.8,0,12
355,2016/12/27 09:51:40.562,21097673,0,D,R,NSDQ,,0,2.8,0,15
356,2016/12/27 09:51:40.562,21097661,0,D,R,NSDQ,,0,2.8,0,16
357,2016/12/27 09:51:40.563,9472593,1,D,R,NSDQ,,0,2.9,0,0
358,2016/12/27 09:51:40.563,21097709,0,A,R,NSDQ,,0,2.8,300,5
359,2016/12/27 09:51:40.563,21097689,0,D,R,NSDQ,,0,2.8,0,6
360,2016/12/27 09:51:40.565,21097721,1,A,R,NSDQ,,0,2.95,100,0
361,2016/12/27 09:51:40.566,21097725,1,A,R,NSDQ,,0,2.85,1800,0
362,2016/12/27 09:51:40.570,21097709,0,D,R,NSDQ,,0,2.8,0,3
363,2016/12/27 09:51:42.948,21097593,0,D,R,NSDQ,,0,2.8,0,2
364,2016/12/27 09:51:42.949,21097725,1,D,R,NSDQ,,0,2.85,0,0
365,2016/12/27 09:51:42.950,21121833,1,A,R,NSDQ,,0,2.85,2300,1
366,2016/12/27 09:51:43.847,21134813,1,A,R,NSDQ,,0,2.85,100,34
367,2016/12/27 09:51:44.775,21144657,0,A,R,NSDQ,,0,2.8,400,1
368,2016/12/27 09:51:49.968,21134813,1,D,R,NSDQ,,0,2.85,0,3
369,2016/12/27 09:51:55.847,21270485,1,A,R,NSDQ,,0,2.85,100,4
370,2016/12/27 09:51:57.416,21270485,1,D,R,NSDQ,,0,2.85,0,8
371,2016/12/27 09:51:58.103,19766521,0,D,R,NSDQ,,0,2.75,0,5
372,2016/12/27 09:52:03.730,21359053,1,A,R,NSDQ,,0,2.85,200,8
373,2016/12/27 09:53:36.913,21359053,1,D,R,NSDQ,,0,2.85,0,14
374,2016/12/27 09:54:15.606,22663141,0,A,R,NSDQ,,0,2.8,100,15
375,2016/12/27 09:54:30.620,22663141,0,D,R,NSDQ,,0,2.8,0,8
376,2016/12/27 09:56:02.334,23670725,1,A,R,NSDQ,,0,2.85,100,1
377,2016/12/27 09:57:39.109,6816145,1,D,R,NSDQ,,0,3.1,0,0
378,2016/12/27 09:58:47.500,24927653,1,A,R,NSDQ,,0,2.85,100,1
379,2016/12/27 09:59:00.845,25027937,0,A,R,NSDQ,,0,2.75,100,2
380,2016/12/27 09:59:30.871,25027937,0,D,R,NSDQ,,0,2.75,0,59
381,2016/12/27 09:59:30.871,25257149,0,A,R,NSDQ,,0,2.8,100,69
382,2016/12/27 10:01:12.404,24927653,1,D,R,NSDQ,,0,2.85,0,1
383,2016/12/27 10:01:12.405,23670725,1,D,R,NSDQ,,0,2.85,0,0
384,2016/12/27 10:01:12.407,26344621,1,A,R,NSDQ,,0,2.85,100,7
385,2016/12/27 10:01:17.499,26399385,1,A,R,NSDQ,,0,2.85,100,0
386,2016/12/27 10:01:30.974,25257149,0,D,R,NSDQ,,0,2.8,0,4
387,2016/12/27 10:01:30.974,26503953,0,A,R,NSDQ,,0,2.75,100,6
388,2016/12/27 10:02:16.012,26503953,0,D,R,NSDQ,,0,2.75,0,14
389,2016/12/27 10:03:30.164,18966581,0,D,R,NSDQ,,0,2.8,0,14
390,2016/12/27 10:05:01.316,28137277,0,A,R,NSDQ,,0,2.8,800,15
391,2016/12/27 10:05:01.316,28137281,0,A,R,NSDQ,,0,2.8,800,16
392,2016/12/27 10:05:01.317,28137285,0,A,R,NSDQ,,0,2.75,800,3
393,2016/12/27 10:05:01.317,28137289,0,A,R,NSDQ,,0,2.75,800,4
394,2016/12/27 10:05:01.318,28137293,0,A,R,NSDQ,,0,2.7,800,1
395,2016/12/27 10:05:01.318,28137297,0,A,R,NSDQ,,0,2.7,800,7
396,2016/12/27 10:05:01.318,28137309,0,A,R,NSDQ,,0,2.65,800,16
397,2016/12/27 10:05:01.318,28137313,0,A,R,NSDQ,,0,2.65,800,17
398,2016/12/27 10:05:01.319,28137325,0,A,R,NSDQ,,0,2.6,800,1
399,2016/12/27 10:05:01.319,28137329,0,A,R,NSDQ,,0,2.6,800,2
400,2016/12/27 10:05:03.001,28154013,1,A,R,NSDQ,,0,2.85,100,5
401,2016/12/27 10:05:09.530,28154013,1,D,R,NSDQ,,0,2.85,0,1
402,2016/12/27 10:06:00.280,28580321,0,A,R,NSDQ,,0,2.8,1600,9
403,2016/12/27 10:06:37.367,28868537,1,A,R,NSDQ,,0,2.85,100,6
404,2016/12/27 10:10:20.681,30765585,0,A,R,NSDQ,,0,2.8,100,1
405,2016/12/27 10:11:46.493,31377261,0,A,R,NSDQ,,0,2.75,100,2
406,2016/12/27 10:11:49.101,2446033,0,D,R,NSDQ,,0,2.75,0,4
407,2016/12/27 10:11:49.102,31392801,0,A,R,NSDQ,,0,2.8,1810,0
408,2016/12/27 10:11:56.353,30765585,0,D,R,NSDQ,,0,2.8,0,6
409,2016/12/27 10:12:01.507,31377261,0,D,R,NSDQ,,0,2.75,0,0
410,2016/12/27 10:12:01.507,31466097,0,A,R,NSDQ,,0,2.8,100,1
411,2016/12/27 10:14:16.617,31466097,0,D,R,NSDQ,,0,2.8,0,2
412,2016/12/27 10:14:16.617,32478309,0,A,R,NSDQ,,0,2.75,100,3
413,2016/12/27 10:14:31.632,32478309,0,D,R,NSDQ,,0,2.75,0,6
414,2016/12/27 10:19:06.003,34387353,1,A,R,NSDQ,,0,2.85,100,29
415,2016/12/27 10:19:11.423,34417537,0,A,R,NSDQ,,0,2.8,200,12
416,2016/12/27 10:19:16.757,31392801,0,D,R,NSDQ,,0,2.8,0,1
417,2016/12/27 10:19:16.757,34452709,0,A,R,NSDQ,,0,2.8,1838,2
418,2016/12/27 10:19:31.880,34582961,0,A,R,NSDQ,,0,2.75,100,0
419,2016/12/27 10:19:46.904,34582961,0,D,R,NSDQ,,0,2.75,0,13
420,2016/12/27 10:20:44.821,35149913,1,A,R,NSDQ,,0,2.85,300,3
421,2016/12/27 10:22:15.349,34452709,0,D,R,NSDQ,,0,2.8,0,0
422,2016/12/27 10:22:15.349,35784637,0,A,R,NSDQ,,0,2.8,2010,4
423,2016/12/27 10:22:32.163,35149913,1,D,R,NSDQ,,0,2.85,0,5
424,2016/12/27 10:22:42.848,35953877,1,A,R,NSDQ,,0,2.85,100,4
425,2016/12/27 10:22:45.569,35953877,1,D,R,NSDQ,,0,2.85,0,2
426,2016/12/27 10:22:45.771,28868537,1,D,R,NSDQ,,0,2.85,0,0
427,2016/12/27 10:22:45.771,26399385,1,D,R,NSDQ,,0,2.85,0,1
428,2016/12/27 10:22:45.771,26344621,1,D,R,NSDQ,,0,2.85,0,2
429,2016/12/27 10:22:49.847,35990209,1,A,R,NSDQ,,0,2.85,100,2
430,2016/12/27 10:22:51.601,35990209,1,D,R,NSDQ,,0,2.85,0,0
431,2016/12/27 10:25:07.184,36857941,1,A,R,NSDQ,,0,2.85,200,3
432,2016/12/27 10:27:14.420,36857941,1,D,R,NSDQ,,0,2.85,0,1
433,2016/12/27 10:32:34.004,39978117,1,A,R,NSDQ,,0,2.85,100,16
434,2016/12/27 10:34:05.080,40561633,0,A,R,NSDQ,,0,2.8,500,28
435,2016/12/27 10:34:05.134,40562409,0,A,R,NSDQ,,0,2.8,300,13
436,2016/12/27 10:34:34.405,40774913,1,A,R,NSDQ,,0,11,200,0
437,2016/12/27 10:35:22.448,41122917,1,A,R,NSDQ,,0,2.85,100,7
438,2016/12/27 10:36:31.847,41513133,1,A,R,NSDQ,,0,2.85,100,0
439,2016/12/27 10:36:32.414,41513133,1,D,R,NSDQ,,0,2.85,0,0
440,2016/12/27 10:37:57.702,41122917,1,D,R,NSDQ,,0,2.85,0,43
441,2016/12/27 10:38:10.935,42124413,0,A,R,NSDQ,,0,2.8,100,2
442,2016/12/27 10:39:11.437,34417537,0,D,R,NSDQ,,0,2.8,0,24
443,2016/12/27 10:39:11.496,42527997,0,A,R,NSDQ,,0,2.8,300,0
444,2016/12/27 10:40:15.875,42124413,0,D,R,NSDQ,,0,2.8,0,1
445,2016/12/27 10:42:03.012,18389985,0,D,R,NSDQ,,0,2.8,0,20
446,2016/12/27 10:42:03.027,34387353,1,D,R,NSDQ,,0,2.85,0,2
447,2016/12/27 10:43:49.848,44421465,1,A,R,NSDQ,,0,2.85,100,14
448,2016/12/27 10:43:51.589,44421465,1,D,R,NSDQ,,0,2.85,0,0
449,2016/12/27 10:43:56.848,44465237,1,A,R,NSDQ,,0,2.85,100,2
450,2016/12/27 10:44:01.545,44465237,1,D,R,NSDQ,,0,2.85,0,4
451,2016/12/27 10:44:37.616,44773417,1,A,R,NSDQ,,0,2.9,200,5
452,2016/12/27 10:44:47.740,28580321,0,D,R,NSDQ,,0,2.8,0,7
453,2016/12/27 10:46:44.118,45577813,1,A,R,NSDQ,,0,2.85,100,1
454,2016/12/27 10:49:33.378,39978117,1,D,R,NSDQ,,0,2.85,0,0
455,2016/12/27 10:51:40.195,45577813,1,D,R,NSDQ,,0,2.85,0,2
456,2016/12/27 10:51:42.847,47478309,1,A,R,NSDQ,,0,2.85,100,0
457,2016/12/27 10:51:45.116,47478309,1,D,R,NSDQ,,0,2.85,0,17
458,2016/12/27 10:51:48.985,47518673,1,A,R,NSDQ,,0,2.85,1000,0
459,2016/12/27 10:51:59.340,47578865,0,A,R,NSDQ,,0,2.8,1400,0
460,2016/12/27 10:52:09.819,21121833,1,D,R,NSDQ,,0,2.85,0,9
461,2016/12/27 10:52:09.820,47644265,1,A,R,NSDQ,,0,2.85,2800,9
462,2016/12/27 10:52:09.821,47518673,1,D,R,NSDQ,,0,2.85,0,1
463,2016/12/27 10:52:16.691,47680273,1,A,R,NSDQ,,0,2.85,1000,6
464,2016/12/27 10:53:54.848,48213109,1,A,R,NSDQ,,0,2.85,100,23
465,2016/12/27 10:53:56.831,48213109,1,D,R,NSDQ,,0,2.85,0,0
466,2016/12/27 10:55:03.636,48573085,0,A,R,NSDQ,,0,2.75,100,0
467,2016/12/27 10:55:18.650,48573085,0,D,R,NSDQ,,0,2.75,0,0
468,2016/12/27 10:55:18.650,48667777,0,A,R,NSDQ,,0,2.8,100,1
469,2016/12/27 10:55:42.245,48808793,0,A,R,NSDQ,,0,2.8,600,3
470,2016/12/27 10:57:18.746,48667777,0,D,R,NSDQ,,0,2.8,0,1
471,2016/12/27 10:58:02.087,48808793,0,D,R,NSDQ,,0,2.8,0,4
472,2016/12/27 10:58:51.912,49976541,0,A,R,NSDQ,,0,2.8,100,1
473,2016/12/27 10:58:54.329,49989877,1,A,R,NSDQ,,0,2.9,200,14
474,2016/12/27 10:59:11.532,42527997,0,D,R,NSDQ,,0,2.8,0,49
475,2016/12/27 10:59:11.597,50145129,0,A,R,NSDQ,,0,2.8,300,13
476,2016/12/27 11:00:43.848,50797561,1,A,R,NSDQ,,0,2.85,100,1
477,2016/12/27 11:00:48.594,49976541,0,D,R,NSDQ,,0,2.8,0,0
478,2016/12/27 11:00:48.807,50797561,1,D,R,NSDQ,,0,2.85,0,17
479,2016/12/27 11:01:05.076,49989877,1,D,R,NSDQ,,0,2.9,0,6
480,2016/12/27 11:02:54.759,51754097,0,A,R,NSDQ,,0,2.8,200,0
481,2016/12/27 11:05:00.668,13899289,1,D,R,NSDQ,,0,2.9,0,13
482,2016/12/27 11:06:18.847,53148385,1,A,R,NSDQ,,0,2.85,100,68
483,2016/12/27 11:06:22.345,53148385,1,D,R,NSDQ,,0,2.85,0,9
484,2016/12/27 11:07:39.442,47644265,1,D,R,NSDQ,,0,2.85,0,6
485,2016/12/27 11:07:39.443,53647385,1,A,R,NSDQ,,0,2.85,2700,8
486,2016/12/27 11:10:26.594,54695669,0,A,R,NSDQ,,0,2.8,100,0
487,2016/12/27 11:10:28.708,9472541,0,EA,R,NSDQ,,0,2.8,0,0
488,2016/12/27 11:10:28.712,54705613,1,A,R,NSDQ,,0,2.85,100,3
489,2016/12/27 11:11:59.529,54695669,0,D,R,NSDQ,,0,2.8,0,0
490,2016/12/27 11:12:20.306,54705613,1,D,R,NSDQ,,0,2.85,0,0
491,2016/12/27 11:14:28.138,9359809,0,D,R,NSDQ,,0,2.75,0,13
492,2016/12/27 11:14:28.139,21097721,1,D,R,NSDQ,,0,2.95,0,19
493,2016/12/27 11:15:07.847,56286681,1,A,R,NSDQ,,0,2.85,100,4
494,2016/12/27 11:15:11.736,56286681,1,D,R,NSDQ,,0,2.85,0,0
495,2016/12/27 11:15:15.608,9472569,0,EA,R,NSDQ,,0,2.8,0,4
496,2016/12/27 11:15:15.608,17924957,0,EA,R,NSDQ,,0,2.8,0,6
497,2016/12/27 11:15:15.608,20003045,0,EA,R,NSDQ,,0,2.8,0,8
498,2016/12/27 11:15:15.608,21144657,0,EA,R,NSDQ,,0,2.8,0,10
499,2016/12/27 11:15:15.608,28137277,0,EA,R,NSDQ,,0,2.8,0,12
500,2016/12/27 11:15:15.608,28137281,0,EA,R,NSDQ,,0,2.8,458,14
501,2016/12/27 11:15:15.608,56328645,0,A,R,NSDQ,,0,2.8,90,16
502,2016/12/27 11:15:15.614,56328661,0,A,R,NSDQ,,0,2.8,100,0
503,2016/12/27 11:15:16.610,56332865,0,A,R,NSDQ,,0,2.8,100,0
504,2016/12/27 11:15:19.655,56353409,0,A,R,NSDQ,,0,2.75,100,1
505,2016/12/27 11:15:20.131,56357509,0,A,R,NSDQ,,0,2.8,800,2
506,2016/12/27 11:15:32.846,56445013,1,A,R,NSDQ,,0,2.85,100,6
507,2016/12/27 11:15:36.455,56445013,1,D,R,NSDQ,,0,2.85,0,0
508,2016/12/27 11:15:53.438,56568949,0,A,R,NSDQ,,0,2.8,100,3
509,2016/12/27 11:16:46.162,56568949,0,D,R,NSDQ,,0,2.8,0,0
510,2016/12/27 11:16:52.303,56885225,0,A,R,NSDQ,,0,2.8,100,10
511,2016/12/27 11:17:56.315,57284473,0,A,R,NSDQ,,0,2.8,100,0
512,2016/12/27 11:18:46.067,57284473,0,D,R,NSDQ,,0,2.8,0,3
513,2016/12/27 11:19:11.590,50145129,0,D,R,NSDQ,,0,2.8,0,4
514,2016/12/27 11:19:11.663,57641517,0,A,R,NSDQ,,0,2.8,400,2
515,2016/12/27 11:19:45.155,57802229,0,A,R,NSDQ,,0,2.8,4400,9
516,2016/12/27 11:19:52.167,57844573,0,A,R,NSDQ,,0,2.8,100,0
517,2016/12/27 11:20:46.143,57844573,0,D,R,NSDQ,,0,2.8,0,2
518,2016/12/27 11:21:49.977,56353409,0,D,R,NSDQ,,0,2.75,0,0
519,2016/12/27 11:22:02.286,58516309,0,A,R,NSDQ,,0,2.8,100,1
520,2016/12/27 11:22:46.122,58516309,0,D,R,NSDQ,,0,2.8,0,7
521,2016/12/27 11:23:59.004,59097281,0,A,R,NSDQ,,0,2.8,100,1
522,2016/12/27 11:24:46.065,59097281,0,D,R,NSDQ,,0,2.8,0,0
523,2016/12/27 11:25:28.929,59535797,1,A,R,NSDQ,,0,2.85,200,4
524,2016/12/27 11:25:58.465,59718565,0,A,R,NSDQ,,0,2.8,100,5
525,2016/12/27 11:26:46.068,59718565,0,D,R,NSDQ,,0,2.8,0,1
526,2016/12/27 11:27:08.384,59535797,1,D,R,NSDQ,,0,2.85,0,0
527,2016/12/27 11:27:56.704,9472509,0,D,R,NSDQ,,0,2.65,0,0
528,2016/12/27 11:27:57.063,60338953,0,A,R,NSDQ,,0,2.65,100,0
529,2016/12/27 11:28:06.496,60405541,0,A,R,NSDQ,,0,2.8,100,4
530,2016/12/27 11:28:46.236,60405541,0,D,R,NSDQ,,0,2.8,0,4
531,2016/12/27 11:28:46.770,40561633,0,D,R,NSDQ,,0,2.8,0,0
532,2016/12/27 11:28:46.770,40562409,0,D,R,NSDQ,,0,2.8,0,1
533,2016/12/27 11:30:02.457,61118989,0,A,R,NSDQ,,0,2.8,100,5
534,2016/12/27 11:30:46.033,61118989,0,D,R,NSDQ,,0,2.8,0,0
535,2016/12/27 11:31:47.897,61788481,1,A,R,NSDQ,,0,2.85,100,0
536,2016/12/27 11:31:53.366,61823121,0,A,R,NSDQ,,0,2.8,100,3
537,2016/12/27 11:32:46.132,61823121,0,D,R,NSDQ,,0,2.8,0,4
538,2016/12/27 11:32:57.701,8948837,1,D,R,NSDQ,,0,2.95,0,4
539,2016/12/27 11:32:58.578,62306749,1,A,R,NSDQ,,0,3,100,0
540,2016/12/27 11:33:31.612,61788481,1,D,R,NSDQ,,0,2.85,0,0
541,2016/12/27 11:33:55.862,62607353,0,A,R,NSDQ,,0,2.8,100,0
542,2016/12/27 11:33:58.498,6997037,0,D,R,NSDQ,,0,2.6,0,25
543,2016/12/27 11:33:58.881,62618861,0,A,R,NSDQ,,0,2.55,100,4
544,2016/12/27 11:34:45.854,62607353,0,D,R,NSDQ,,0,2.8,0,0
545,2016/12/27 11:34:56.666,21097601,1,EA,R,NSDQ,,0,2.85,1096,8
546,2016/12/27 11:34:56.666,62906173,0,A,R,NSDQ,,0,2.8,100,10
547,2016/12/27 11:35:02.151,57802229,0,D,R,NSDQ,,0,2.8,0,6
548,2016/12/27 11:35:02.151,62906173,0,D,R,NSDQ,,0,2.8,0,7
549,2016/12/27 11:35:19.847,63038365,1,A,R,NSDQ,,0,2.85,100,24
550,2016/12/27 11:35:21.379,63038365,1,D,R,NSDQ,,0,2.85,0,0
551,2016/12/27 11:35:49.158,63190201,0,A,R,NSDQ,,0,2.8,100,2
552,2016/12/27 11:35:51.592,63200141,0,A,R,NSDQ,,0,2.8,100,4
553,2016/12/27 11:36:34.151,63190201,0,D,R,NSDQ,,0,2.8,0,4
554,2016/12/27 11:36:44.492,21097601,1,EA,R,NSDQ,,0,2.85,996,0
555,2016/12/27 11:36:45.481,63482665,0,A,R,NSDQ,,0,2.8,100,14
556,2016/12/27 11:36:46.033,63482665,0,D,R,NSDQ,,0,2.8,0,0
557,2016/12/27 11:36:58.347,53647385,1,D,R,NSDQ,,0,2.85,0,1
558,2016/12/27 11:36:58.348,63542413,1,A,R,NSDQ,,0,2.85,2800,12
559,2016/12/27 11:37:33.562,63200141,0,D,R,NSDQ,,0,2.8,0,1
560,2016/12/27 11:38:00.491,63856601,0,A,R,NSDQ,,0,2.8,100,6
561,2016/12/27 11:38:46.058,63856601,0,D,R,NSDQ,,0,2.8,0,0
562,2016/12/27 11:38:48.702,9472497,1,D,R,NSDQ,,0,3.05,0,0
563,2016/12/27 11:38:49.597,64122489,1,A,R,NSDQ,,0,3.1,100,0
564,2016/12/27 11:39:11.709,57641517,0,D,R,NSDQ,,0,2.8,0,0
565,2016/12/27 11:39:11.766,64245393,0,A,R,NSDQ,,0,2.8,500,0
566,2016/12/27 11:39:55.491,64488881,0,A,R,NSDQ,,0,2.8,100,2
567,2016/12/27 11:40:31.060,64707609,0,A,R,NSDQ,,0,2.8,100,1
568,2016/12/27 11:42:17.736,64707609,0,D,R,NSDQ,,0,2.8,0,0
569,2016/12/27 11:44:46.848,66032025,1,A,R,NSDQ,,0,2.85,100,4
570,2016/12/27 11:44:48.638,66032025,1,D,R,NSDQ,,0,2.85,0,0
571,2016/12/27 11:45:26.435,66263009,0,A,R,NSDQ,,0,2.8,100,2
572,2016/12/27 11:47:16.876,66263009,0,D,R,NSDQ,,0,2.8,0,5
573,2016/12/27 11:47:30.355,66936605,0,A,R,NSDQ,,0,2.8,100,1
574,2016/12/27 11:47:51.834,67039057,0,A,R,NSDQ,,0,2.8,100,0
575,2016/12/27 11:48:36.836,67039057,0,D,R,NSDQ,,0,2.8,0,7
576,2016/12/27 11:48:46.065,21097601,1,EA,R,NSDQ,,0,2.85,896,0
577,2016/12/27 11:49:06.370,67471513,0,A,R,NSDQ,,0,2.8,100,28
578,2016/12/27 11:49:49.177,67682361,0,A,R,NSDQ,,0,2.8,100,1
579,2016/12/27 11:50:42.598,67998361,0,A,R,NSDQ,,0,2.8,100,9
580,2016/12/27 11:50:45.983,67682361,0,D,R,NSDQ,,0,2.8,0,0
581,2016/12/27 11:50:51.458,67471513,0,D,R,NSDQ,,0,2.8,0,0
582,2016/12/27 11:51:52.475,68330469,0,A,R,NSDQ,,0,2.8,100,0
583,2016/12/27 11:52:45.974,68330469,0,D,R,NSDQ,,0,2.8,0,0
584,2016/12/27 11:52:51.934,67998361,0,D,R,NSDQ,,0,2.8,0,5
585,2016/12/27 11:53:53.301,69026157,0,A,R,NSDQ,,0,2.8,100,0
586,2016/12/27 11:54:46.405,69026157,0,D,R,NSDQ,,0,2.8,0,3
587,2016/12/27 11:55:19.847,69543849,1,A,R,NSDQ,,0,2.85,100,5
588,2016/12/27 11:55:24.104,69543849,1,D,R,NSDQ,,0,2.85,0,0
589,2016/12/27 11:56:09.775,69781037,0,A,R,NSDQ,,0,2.8,100,1
590,2016/12/27 11:57:18.741,69781037,0,D,R,NSDQ,,0,2.8,0,2
591,2016/12/27 11:57:28.615,21097601,1,EA,R,NSDQ,,0,2.85,796,1
592,2016/12/27 11:57:29.638,70171745,0,A,R,NSDQ,,0,2.8,100,8
593,2016/12/27 11:57:36.805,70232701,0,A,R,NSDQ,,0,2.8,100,8
594,2016/12/27 11:57:46.043,70171745,0,D,R,NSDQ,,0,2.8,0,0
595,2016/12/27 11:59:04.350,70712201,0,A,R,NSDQ,,0,2.8,100,4
596,2016/12/27 11:59:06.887,70232701,0,D,R,NSDQ,,0,2.8,0,38
597,2016/12/27 11:59:11.772,64245393,0,D,R,NSDQ,,0,2.8,0,0
598,2016/12/27 11:59:11.833,70745021,0,A,R,NSDQ,,0,2.8,600,3
599,2016/12/27 11:59:46.095,70712201,0,D,R,NSDQ,,0,2.8,0,0
600,2016/12/27 12:00:40.284,71223685,1,A,R,NSDQ,,0,2.85,200,14
601,2016/12/27 12:00:50.469,71272765,0,A,R,NSDQ,,0,2.8,100,3
602,2016/12/27 12:01:34.175,47578865,0,D,R,NSDQ,,0,2.8,0,1
603,2016/12/27 12:01:46.222,71272765,0,D,R,NSDQ,,0,2.8,0,4
604,2016/12/27 12:02:45.751,71223685,1,D,R,NSDQ,,0,2.85,0,0
605,2016/12/27 12:05:33.429,72709801,1,A,R,NSDQ,,0,2.85,100,0
606,2016/12/27 12:07:25.613,72709801,1,D,R,NSDQ,,0,2.85,0,9
607,2016/12/27 12:19:11.861,70745021,0,D,R,NSDQ,,0,2.8,0,7
608,2016/12/27 12:19:11.927,76708309,0,A,R,NSDQ,,0,2.8,600,1
609,2016/12/27 12:20:50.027,77151209,0,A,R,NSDQ,,0,2.8,200,3
610,2016/12/27 12:21:37.096,77374785,1,A,R,NSDQ,,0,2.85,41,0
611,2016/12/27 12:24:36.269,78101365,0,A,R,NSDQ,,0,2.8,500,0
612,2016/12/27 12:24:36.296,78101453,0,A,R,NSDQ,,0,2.8,300,4
613,2016/12/27 12:25:32.362,78341961,1,A,R,NSDQ,,0,2.85,100,0
614,2016/12/27 12:26:18.123,77374785,1,D,R,NSDQ,,0,2.85,0,0
615,2016/12/27 12:27:14.860,78341961,1,D,R,NSDQ,,0,2.85,0,3
616,2016/12/27 12:28:28.847,79101629,1,A,R,NSDQ,,0,2.85,100,26
617,2016/12/27 12:28:34.122,79101629,1,D,R,NSDQ,,0,2.85,0,3
618,2016/12/27 12:29:24.047,78101365,0,D,R,NSDQ,,0,2.8,0,4
619,2016/12/27 12:29:24.047,78101453,0,D,R,NSDQ,,0,2.8,0,5
620,2016/12/27 12:31:59.986,80229573,0,A,R,NSDQ,,0,2.8,800,0
621,2016/12/27 12:36:07.475,81321801,0,A,R,NSDQ,,0,2.8,100,2
622,2016/12/27 12:38:02.731,81321801,0,D,R,NSDQ,,0,2.8,0,0
623,2016/12/27 12:38:02.979,81833485,0,A,R,NSDQ,,0,2.8,200,0
624,2016/12/27 12:38:02.979,81833489,1,A,R,NSDQ,,0,2.85,200,1
625,2016/12/27 12:38:02.979,81833493,0,A,R,NSDQ,,0,2.75,200,2
626,2016/12/27 12:39:11.950,76708309,0,D,R,NSDQ,,0,2.8,0,0
627,2016/12/27 12:39:12.008,82131393,0,A,R,NSDQ,,0,2.8,700,10
628,2016/12/27 12:46:10.465,84055249,1,A,R,NSDQ,,0,2.85,100,0
629,2016/12/27 12:48:04.343,84055249,1,D,R,NSDQ,,0,2.85,0,1
630,2016/12/27 12:50:23.866,85143437,1,A,R,NSDQ,,0,2.85,100,13
631,2016/12/27 12:52:06.460,85143437,1,D,R,NSDQ,,0,2.85,0,0
632,2016/12/27 12:52:24.471,80229573,0,D,R,NSDQ,,0,2.8,0,0
633,2016/12/27 12:55:28.007,86463961,1,A,R,NSDQ,,0,2.85,200,2
634,2016/12/27 12:56:13.668,86657329,0,A,R,NSDQ,,0,2.8,100,1
635,2016/12/27 12:57:28.220,86463961,1,D,R,NSDQ,,0,2.85,0,1
636,2016/12/27 12:58:12.354,86657329,0,D,R,NSDQ,,0,2.8,0,0
637,2016/12/27 12:59:12.069,82131393,0,D,R,NSDQ,,0,2.8,0,1
638,2016/12/27 12:59:12.135,87401885,0,A,R,NSDQ,,0,2.8,800,0
639,2016/12/27 13:02:00.017,88166957,0,A,R,NSDQ,,0,2.8,100,5
640,2016/12/27 13:08:00.409,89779229,1,A,R,NSDQ,,0,2.85,700,7
641,2016/12/27 13:08:21.855,66936605,0,D,R,NSDQ,,0,2.8,0,1
642,2016/12/27 13:09:56.291,90243101,0,A,R,NSDQ,,0,2.8,100,0
643,2016/12/27 13:10:41.847,90464157,1,A,R,NSDQ,,0,2.85,100,19
644,2016/12/27 13:10:46.598,90464157,1,D,R,NSDQ,,0,2.85,0,0
645,2016/12/27 13:14:09.924,64488881,0,D,R,NSDQ,,0,2.8,0,1
646,2016/12/27 13:14:32.826,91423549,0,A,R,NSDQ,,0,2.8,800,4
647,2016/12/27 13:15:01.934,91423549,0,D,R,NSDQ,,0,2.8,0,4
648,2016/12/27 13:19:12.166,87401885,0,D,R,NSDQ,,0,2.8,0,0
649,2016/12/27 13:19:12.233,92616625,0,A,R,NSDQ,,0,2.8,900,0
650,2016/12/27 13:21:30.614,93184409,1,A,R,NSDQ,,0,2.85,200,1
651,2016/12/27 13:22:38.924,90243101,0,D,R,NSDQ,,0,2.8,0,0
652,2016/12/27 13:22:43.926,93455661,0,A,R,NSDQ,,0,2.8,100,2
653,2016/12/27 13:23:34.180,93184409,1,D,R,NSDQ,,0,2.85,0,0
654,2016/12/27 13:24:52.989,93953777,1,A,R,NSDQ,,0,2.85,100,0
655,2016/12/27 13:26:37.491,93953777,1,D,R,NSDQ,,0,2.85,0,0
656,2016/12/27 13:29:03.577,62306749,1,D,R,NSDQ,,0,3,0,1
657,2016/12/27 13:29:04.064,95062081,1,A,R,NSDQ,,0,3,100,5
658,2016/12/27 13:29:05.395,4580581,0,D,R,NSDQ,,0,2.75,0,0
659,2016/12/27 13:29:48.880,62618861,0,D,R,NSDQ,,0,2.55,0,0
660,2016/12/27 13:29:49.069,95251773,0,A,R,NSDQ,,0,2.55,100,1
661,2016/12/27 13:30:25.847,92616625,0,D,R,NSDQ,,0,2.8,0,0
662,2016/12/27 13:30:51.062,60338953,0,D,R,NSDQ,,0,2.65,0,2
663,2016/12/27 13:30:51.173,95536445,0,A,R,NSDQ,,0,2.65,100,0
664,2016/12/27 13:30:53.266,95549781,0,A,R,NSDQ,,0,2.8,178,1
665,2016/12/27 13:31:18.847,95656329,1,A,R,NSDQ,,0,2.85,100,3
666,2016/12/27 13:31:26.680,95656329,1,D,R,NSDQ,,0,2.85,0,23
667,2016/12/27 13:31:26.936,93455661,0,D,R,NSDQ,,0,2.8,0,1
668,2016/12/27 13:31:31.938,95704937,0,A,R,NSDQ,,0,2.8,100,0
669,2016/12/27 13:32:11.729,95876725,0,A,R,NSDQ,,0,2.75,100,4
670,2016/12/27 13:32:41.761,95876725,0,D,R,NSDQ,,0,2.75,0,22
671,2016/12/27 13:33:00.126,96060929,1,A,R,NSDQ,,0,2.85,100,15
672,2016/12/27 13:34:46.660,96060929,1,D,R,NSDQ,,0,2.85,0,0
673,2016/12/27 13:35:32.135,96694365,0,A,R,NSDQ,,0,2.8,600,0
674,2016/12/27 13:35:32.201,96694525,0,A,R,NSDQ,,0,2.8,200,0
675,2016/12/27 13:35:32.792,96696229,1,A,R,NSDQ,,0,2.85,100,0
676,2016/12/27 13:37:17.623,96696229,1,D,R,NSDQ,,0,2.85,0,0
677,2016/12/27 13:37:30.847,97176101,1,A,R,NSDQ,,0,2.85,100,7
678,2016/12/27 13:37:32.516,97176101,1,D,R,NSDQ,,0,2.85,0,0
679,2016/12/27 13:40:57.226,98118797,0,A,R,NSDQ,,0,2.8,100,6
680,2016/12/27 13:42:18.597,64122489,1,D,R,NSDQ,,0,3.1,0,0
681,2016/12/27 13:42:18.813,98437225,1,A,R,NSDQ,,0,3.1,100,4
682,2016/12/27 13:42:46.851,96694365,0,D,R,NSDQ,,0,2.8,0,0
683,2016/12/27 13:42:46.851,96694525,0,D,R,NSDQ,,0,2.8,0,1
684,2016/12/27 13:50:57.736,98118797,0,D,R,NSDQ,,0,2.8,0,0
685,2016/12/27 13:52:00.039,100907285,0,A,R,NSDQ,,0,2.8,200,0
686,2016/12/27 13:53:49.036,101336037,1,A,R,NSDQ,,0,2.85,1,3
687,2016/12/27 13:53:58.595,101370225,0,A,R,NSDQ,,0,2.75,500,0
688,2016/12/27 13:53:58.657,101370513,0,A,R,NSDQ,,0,2.75,300,4
689,2016/12/27 13:54:45.375,63542413,1,D,R,NSDQ,,0,2.85,0,0
690,2016/12/27 13:54:45.376,101633021,1,A,R,NSDQ,,0,2.85,2800,0
691,2016/12/27 13:58:44.956,102789925,0,A,R,NSDQ,,0,2.8,100,1
692,2016/12/27 14:00:36.413,102789925,0,D,R,NSDQ,,0,2.8,0,4
693,2016/12/27 14:02:35.847,103911057,1,A,R,NSDQ,,0,2.85,100,10
694,2016/12/27 14:02:37.793,103911057,1,D,R,NSDQ,,0,2.85,0,0
695,2016/12/27 14:03:43.364,104168817,0,A,R,NSDQ,,0,2.8,100,6
696,2016/12/27 14:04:14.047,4955669,0,D,R,NSDQ,,0,2.4,0,6
697,2016/12/27 14:04:14.049,104299101,0,A,R,NSDQ,,0,2.4,2200,0
698,2016/12/27 14:04:14.226,4955677,0,D,R,NSDQ,,0,2.55,0,9
699,2016/12/27 14:04:14.228,104299901,0,A,R,NSDQ,,0,2.55,1700,3
700,2016/12/27 14:05:47.974,104772089,0,A,R,NSDQ,,0,2.8,200,3
701,2016/12/27 14:05:47.974,104772093,0,A,R,NSDQ,,0,2.8,100,5
702,2016/12/27 14:07:01.661,101370225,0,D,R,NSDQ,,0,2.75,0,20
703,2016/12/27 14:07:01.661,101370513,0,D,R,NSDQ,,0,2.75,0,21
704,2016/12/27 14:07:29.714,104772093,0,D,R,NSDQ,,0,2.8,0,0
705,2016/12/27 14:07:55.650,104772089,0,D,R,NSDQ,,0,2.8,0,0
706,2016/12/27 14:08:21.795,105586765,0,A,R,NSDQ,,0,2.75,500,0
707,2016/12/27 14:08:21.811,105586925,0,A,R,NSDQ,,0,2.75,200,17
708,2016/12/27 14:10:25.746,106117125,0,A,R,NSDQ,,0,2.8,100,2
709,2016/12/27 14:12:20.203,106117125,0,D,R,NSDQ,,0,2.8,0,2
710,2016/12/27 14:16:02.504,107667977,1,A,R,NSDQ,,0,2.85,200,1
711,2016/12/27 14:19:11.957,107667977,1,D,R,NSDQ,,0,2.85,0,3
712,2016/12/27 14:19:44.168,104168817,0,D,R,NSDQ,,0,2.8,0,8
713,2016/12/27 14:23:05.561,105586765,0,D,R,NSDQ,,0,2.75,0,0
714,2016/12/27 14:23:05.561,105586925,0,D,R,NSDQ,,0,2.75,0,1
715,2016/12/27 14:25:55.322,110735085,0,A,R,NSDQ,,0,2.8,600,2
716,2016/12/27 14:25:55.342,110735125,0,A,R,NSDQ,,0,2.8,100,14
717,2016/12/27 14:31:00.603,95704937,0,D,R,NSDQ,,0,2.8,0,0
718,2016/12/27 14:31:12.616,112484889,1,A,R,NSDQ,,0,2.85,100,1
719,2016/12/27 14:32:24.368,110735085,0,D,R,NSDQ,,0,2.8,0,0
720,2016/12/27 14:32:24.368,110735125,0,D,R,NSDQ,,0,2.8,0,1
721,2016/12/27 14:32:29.359,112831425,0,A,R,NSDQ,,0,2.8,100,0
722,2016/12/27 14:33:31.800,112484889,1,D,R,NSDQ,,0,2.85,0,0
723,2016/12/27 14:33:58.545,113218105,0,A,R,NSDQ,,0,2.8,500,3
724,2016/12/27 14:33:58.579,113218269,0,A,R,NSDQ,,0,2.8,200,11
725,2016/12/27 14:38:32.777,113218269,0,D,R,NSDQ,,0,2.8,0,0
726,2016/12/27 14:40:25.302,114954525,1,A,R,NSDQ,,0,2.85,100,0
727,2016/12/27 14:42:02.660,114954525,1,D,R,NSDQ,,0,2.85,0,5
728,2016/12/27 14:50:52.649,118078141,1,A,R,NSDQ,,0,2.85,100,1
729,2016/12/27 14:51:19.203,118224409,0,A,R,NSDQ,,0,2.75,5,6
730,2016/12/27 14:52:50.811,118078141,1,D,R,NSDQ,,0,2.85,0,8
731,2016/12/27 14:57:54.050,120098069,1,A,R,NSDQ,,0,2.85,100,13
732,2016/12/27 14:58:45.953,120098069,1,D,R,NSDQ,,0,2.85,0,5
733,2016/12/27 15:00:54.203,121085005,1,A,R,NSDQ,,0,2.85,100,0
734,2016/12/27 15:01:20.037,121210321,1,A,R,NSDQ,,0,2.85,100,1
735,2016/12/27 15:01:31.208,112831425,0,D,R,NSDQ,,0,2.8,0,0
736,2016/12/27 15:01:53.249,121362233,0,A,R,NSDQ,,0,2.8,100,4
737,2016/12/27 15:02:24.770,121085005,1,D,R,NSDQ,,0,2.85,0,8
738,2016/12/27 15:04:14.780,81833489,1,UD,R,NSDQ,,0,2.85,0,348
739,2016/12/27 15:04:14.780,122136633,1,UA,R,NSDQ,,0,2.9,200,349
740,2016/12/27 15:04:14.780,122136849,1,A,R,NSDQ,,0,2.95,200,668
741,2016/12/27 15:04:14.784,47680273,1,D,R,NSDQ,,0,2.85,0,83
742,2016/12/27 15:04:16.332,122165289,0,A,R,NSDQ,,0,2.8,100,9
743,2016/12/27 15:04:16.848,122169261,1,A,R,NSDQ,,0,2.95,100,0
744,2016/12/27 15:04:21.892,122211597,1,A,R,NSDQ,,0,2.85,1000,7
745,2016/12/27 15:04:23.658,122169261,1,D,R,NSDQ,,0,2.95,0,3
746,2016/12/27 15:05:10.807,122511597,1,A,R,NSDQ,,0,2.85,200,611
747,2016/12/27 15:05:42.171,122511597,1,UD,R,NSDQ,,0,2.85,0,57
748,2016/12/27 15:05:42.171,122700565,1,UA,R,NSDQ,,0,3,200,58
749,2016/12/27 15:07:18.172,122700565,1,UD,R,NSDQ,,0,3,0,2
750,2016/12/27 15:07:18.172,123232369,1,UA,R,NSDQ,,0,2.85,200,3
751,2016/12/27 15:07:39.637,123338501,0,A,R,NSDQ,,0,2.8,200,0
752,2016/12/27 15:07:39.639,123338509,0,A,R,NSDQ,,0,2.8,100,4
753,2016/12/27 15:10:03.843,113218105,0,D,R,NSDQ,,0,2.8,0,0
754,2016/12/27 15:10:03.844,124009529,0,A,R,NSDQ,,0,2.75,400,0
755,2016/12/27 15:10:39.634,123338509,0,D,R,NSDQ,,0,2.8,0,0
756,2016/12/27 15:10:39.634,123338501,0,D,R,NSDQ,,0,2.8,0,1
757,2016/12/27 15:10:40.637,124213709,0,A,R,NSDQ,,0,2.8,100,0
758,2016/12/27 15:12:00.464,121362233,0,D,R,NSDQ,,0,2.8,0,18
759,2016/12/27 15:12:20.270,121210321,1,D,R,NSDQ,,0,2.85,0,0
760,2016/12/27 15:22:25.176,127812629,0,A,R,NSDQ,,0,2.8,200,6
761,2016/12/27 15:22:32.248,122165289,0,D,R,NSDQ,,0,2.8,0,0
762,2016/12/27 15:22:32.636,127849117,0,A,R,NSDQ,,0,2.8,100,3
763,2016/12/27 15:22:48.236,127916521,1,A,R,NSDQ,,0,2.9,803,3
764,2016/12/27 15:23:08.704,2571485,1,D,R,NSDQ,,0,6.95,0,3
765,2016/12/27 15:23:08.717,128027189,0,A,R,NSDQ,,0,2.7,6500,0
766,2016/12/27 15:23:08.718,128027193,0,A,R,NSDQ,,0,2.5,150,4
767,2016/12/27 15:23:08.721,128027209,1,A,R,NSDQ,,0,3.2,1300,8
768,2016/12/27 15:25:43.173,95536445,0,D,R,NSDQ,,0,2.65,0,0
769,2016/12/27 15:25:43.751,128765069,0,A,R,NSDQ,,0,2.65,100,3
770,2016/12/27 15:25:54.146,128811761,1,A,R,NSDQ,,0,2.85,200,7
771,2016/12/27 15:26:10.350,128891333,1,A,R,NSDQ,,0,2.9,197,0
772,2016/12/27 15:27:46.046,128811761,1,D,R,NSDQ,,0,2.85,0,7
773,2016/12/27 15:30:01.064,95062081,1,D,R,NSDQ,,0,3,0,5
774,2016/12/27 15:30:01.167,130045985,1,A,R,NSDQ,,0,3,100,0
775,2016/12/27 15:30:02.195,130056597,0,A,R,NSDQ,,0,2.8,200,9
776,2016/12/27 15:30:02.195,130056601,1,A,R,NSDQ,,0,2.85,300,10
777,2016/12/27 15:30:16.847,130170453,1,A,R,NSDQ,,0,2.85,100,0
778,2016/12/27 15:30:20.656,130170453,1,D,R,NSDQ,,0,2.85,0,0
779,2016/12/27 15:30:28.069,95251773,0,D,R,NSDQ,,0,2.55,0,0
780,2016/12/27 15:30:28.168,130237385,0,A,R,NSDQ,,0,2.55,100,0
781,2016/12/27 15:30:44.847,130345565,1,A,R,NSDQ,,0,2.85,100,1
782,2016/12/27 15:30:45.061,130345565,1,D,R,NSDQ,,0,2.85,0,1
783,2016/12/27 15:30:49.955,128891333,1,D,R,NSDQ,,0,2.9,0,10
784,2016/12/27 15:30:50.410,130387297,1,A,R,NSDQ,,0,2.9,91,5
785,2016/12/27 15:30:53.577,101633021,1,D,R,NSDQ,,0,2.85,0,10
786,2016/12/27 15:30:53.578,130413157,1,A,R,NSDQ,,0,2.85,1900,3
787,2016/12/27 15:33:43.529,131385957,0,A,R,NSDQ,,0,2.75,1600,1
788,2016/12/27 15:34:07.640,127849117,0,D,R,NSDQ,,0,2.8,0,0
789,2016/12/27 15:34:07.640,124213709,0,D,R,NSDQ,,0,2.8,0,1
790,2016/12/27 15:35:00.011,16273665,0,D,R,SBSH,,0,2.6,0,3
791,2016/12/27 15:35:00.011,16255441,1,D,R,SBSH,,0,3,0,7
792,2016/12/27 15:35:00.228,131778729,0,F,R,SBSH,,0,2.3,100,11
793,2016/12/27 15:35:00.228,131778733,1,F,R,SBSH,,0,3.35,100,13
794,2016/12/27 15:35:26.847,131942577,1,A,R,NSDQ,,0,2.85,100,0
795,2016/12/27 15:35:33.366,131942577,1,D,R,NSDQ,,0,2.85,0,0
796,2016/12/27 15:35:50.469,130387297,1,D,R,NSDQ,,0,2.9,0,0
797,2016/12/27 15:35:50.469,127916521,1,D,R,NSDQ,,0,2.9,0,1
798,2016/12/27 15:35:50.797,132076433,1,A,R,NSDQ,,0,2.9,755,0
799,2016/12/27 15:37:09.710,56885225,0,D,R,NSDQ,,0,2.8,0,0
800,2016/12/27 15:37:29.163,127812629,0,D,R,NSDQ,,0,2.8,0,0
801,2016/12/27 15:38:19.757,132873161,1,A,R,NSDQ,,0,2.85,100,1
802,2016/12/27 15:39:24.057,132873161,1,D,R,NSDQ,,0,2.85,0,0
803,2016/12/27 15:40:33.081,133661533,0,A,R,NSDQ,,0,2.8,100,0
804,2016/12/27 15:40:42.511,133728001,1,A,R,NSDQ,,0,2.85,400,2
805,2016/12/27 15:40:59.714,132076433,1,D,R,NSDQ,,0,2.9,0,8
806,2016/12/27 15:41:26.193,134049361,0,A,R,NSDQ,,0,2.75,100,11
807,2016/12/27 15:41:26.193,134049389,1,A,R,NSDQ,,0,2.9,100,21
808,2016/12/27 15:41:31.368,124009529,0,D,R,NSDQ,,0,2.75,0,0
809,2016/12/27 15:41:37.054,134145649,0,A,R,NSDQ,,0,2.8,200,4
810,2016/12/27 15:42:28.081,133728001,1,D,R,NSDQ,,0,2.85,0,1
811,2016/12/27 15:44:30.092,122211597,1,D,R,NSDQ,,0,2.85,0,0
812,2016/12/27 15:45:33.336,133661533,0,D,R,NSDQ,,0,2.8,0,35
813,2016/12/27 15:47:04.847,136454513,1,A,R,NSDQ,,0,2.85,100,40
814,2016/12/27 15:47:05.737,136454513,1,D,R,NSDQ,,0,2.85,0,3
815,2016/12/27 15:47:32.308,89779229,1,D,R,NSDQ,,0,2.85,0,1
816,2016/12/27 15:47:36.849,136692177,1,A,R,NSDQ,,0,2.85,100,7
817,2016/12/27 15:47:38.675,136692177,1,D,R,NSDQ,,0,2.85,0,1357
818,2016/12/27 15:47:56.813,98437225,1,D,R,NSDQ,,0,3.1,0,0
819,2016/12/27 15:47:57.628,136993821,1,A,R,NSDQ,,0,3.1,100,20
820,2016/12/27 15:48:34.847,137571137,1,A,R,NSDQ,,0,2.85,100,7
821,2016/12/27 15:48:36.724,137571137,1,D,R,NSDQ,,0,2.85,0,1
822,2016/12/27 15:49:56.945,123232369,1,D,R,NSDQ,,0,2.85,0,0
823,2016/12/27 15:49:56.945,122136633,1,D,R,NSDQ,,0,2.9,0,1
824,2016/12/27 15:49:56.945,122136849,1,D,R,NSDQ,,0,2.95,0,2
825,2016/12/27 15:49:56.945,81833493,0,D,R,NSDQ,,0,2.75,0,3
826,2016/12/27 15:49:56.945,81833485,0,D,R,NSDQ,,0,2.8,0,4
827,2016/12/27 15:49:59.106,28137281,0,D,R,NSDQ,,0,2.8,0,23
828,2016/12/27 15:49:59.106,56357509,0,UD,R,NSDQ,,0,2.8,0,26
829,2016/12/27 15:49:59.106,138505849,0,UA,R,NSDQ,,0,2.55,800,27
830,2016/12/27 15:49:59.106,138505865,0,A,R,NSDQ,,0,2.55,800,54
831,2016/12/27 15:49:59.273,138508449,0,A,R,NSDQ,,0,2.75,100,56
832,2016/12/27 15:49:59.273,138508457,1,A,R,NSDQ,,0,3,200,58
833,2016/12/27 15:49:59.273,138508465,1,A,R,NSDQ,,0,2.95,100,60
834,2016/12/27 15:49:59.273,138508469,0,A,R,NSDQ,,0,2.7,200,61
835,2016/12/27 15:50:01.106,138505849,0,UD,R,NSDQ,,0,2.55,0,10
836,2016/12/27 15:50:01.106,138620101,0,UA,R,NSDQ,,0,2.8,800,11
837,2016/12/27 15:50:01.106,138505865,0,UD,R,NSDQ,,0,2.55,0,14
838,2016/12/27 15:50:01.106,138620105,0,UA,R,NSDQ,,0,2.8,800,15
839,2016/12/27 15:50:02.945,138657345,1,A,R,NSDQ,,0,2.85,200,16
840,2016/12/27 15:50:02.945,138657349,0,A,R,NSDQ,,0,2.8,200,17
841,2016/12/27 15:50:02.946,138657357,1,A,R,NSDQ,,0,2.9,200,1
842,2016/12/27 15:50:39.684,77151209,0,D,R,NSDQ,,0,2.8,0,0
843,2016/12/27 15:50:39.684,100907285,0,D,R,NSDQ,,0,2.8,0,1
844,2016/12/27 15:50:39.687,139071477,0,A,R,NSDQ,,0,2.8,300,3
845,2016/12/27 15:52:10.849,35784637,0,D,R,NSDQ,,0,2.8,0,1
846,2016/12/27 15:52:10.849,139820837,0,A,R,NSDQ,,0,2.75,3010,7
847,2016/12/27 15:52:20.045,139937389,0,F,R,UBSS,,0,2.65,400,10
848,2016/12/27 15:52:20.045,139937397,0,F,R,UBSS,,0,2.6,4000,27
849,2016/12/27 15:52:20.045,139937405,0,F,R,UBSS,,0,2.8,2400,31
850,2016/12/27 15:52:20.045,139937409,0,F,R,UBSS,,0,2.6,300,34
851,2016/12/27 15:52:20.045,139937413,0,F,R,UBSS,,0,2.55,10000,44
852,2016/12/27 15:52:20.045,139937417,0,F,R,UBSS,,0,1.9,100,60
853,2016/12/27 15:52:20.046,139937421,1,F,R,UBSS,,0,3,50,0
854,2016/12/27 15:52:20.046,139937425,1,F,R,UBSS,,0,3,1416,14
855,2016/12/27 15:52:20.046,139937445,1,F,R,UBSS,,0,3.3,922,33
856,2016/12/27 15:52:20.046,139937453,1,F,R,UBSS,,0,3.35,600,55
857,2016/12/27 15:52:20.046,139937457,1,F,R,UBSS,,0,3.65,1000,67
858,2016/12/27 15:52:20.047,139937465,1,F,R,UBSS,,0,4.5,78,2
859,2016/12/27 15:52:20.047,139937481,1,F,R,UBSS,,0,7.75,384,18
860,2016/12/27 15:52:20.047,139937497,1,F,R,UBSS,,0,7.95,500,33
861,2016/12/27 15:52:25.692,139993017,1,A,R,NSDQ,,0,2.85,100,2
862,2016/12/27 15:52:29.272,140017777,0,A,R,NSDQ,,0,2.8,100,0
863,2016/12/27 15:52:45.740,140170385,1,A,R,NSDQ,,0,2.85,1000,15
864,2016/12/27 15:52:58.638,140262593,0,A,R,NSDQ,,0,2.8,100,17
865,2016/12/27 15:53:50.404,140710669,1,A,R,NSDQ,,0,2.85,900,17
866,2016/12/27 15:54:08.859,139071477,0,D,R,NSDQ,,0,2.8,0,2
867,2016/12/27 15:54:08.859,140017777,0,D,R,NSDQ,,0,2.8,0,4
868,2016/12/27 15:54:08.862,140863153,0,A,R,NSDQ,,0,2.8,100,9
869,2016/12/27 15:54:35.701,140170385,1,D,R,NSDQ,,0,2.85,0,2
870,2016/12/27 15:55:00.011,134145649,0,D,R,NSDQ,,0,2.8,0,142
871,2016/12/27 15:55:00.021,141309533,1,A,R,NSDQ,,0,2.9,200,166
872,2016/12/27 15:55:00.021,141309537,0,A,R,NSDQ,,0,2.75,200,167
873,2016/12/27 15:55:01.234,141380001,1,A,R,NSDQ,,0,3,25000,26
874,2016/12/27 15:55:01.244,141380321,0,A,R,NSDQ,,0,2.7,1000,32
875,2016/12/27 15:55:03.650,141424481,1,A,R,NSDQ,,0,2.95,1000,30
876,2016/12/27 15:55:04.260,141436837,1,A,R,NSDQ,,0,6.1,250,11
877,2016/12/27 15:55:04.291,141437289,1,A,R,NSDQ,,0,10.9,700,0
878,2016/12/27 15:55:10.210,141536057,1,A,R,NSDQ,,0,3.9,150,10
879,2016/12/27 15:55:10.891,141574645,1,A,R,NSDQ,,0,3.7,2000,0
880,2016/12/27 15:55:15.930,141678145,1,A,R,NSDQ,,0,3.1,770,3
881,2016/12/27 15:55:16.230,141683829,1,A,R,NSDQ,,0,8,500,131
882,2016/12/27 15:55:19.112,141724245,0,A,R,NSDQ,,0,2.8,4,9
883,2016/12/27 15:55:24.900,141795905,1,A,R,NSDQ,,0,3.7,1000,16
884,2016/12/27 15:55:25.090,141799257,0,A,R,NSDQ,,0,2.8,100,15
885,2016/12/27 15:55:25.725,141806673,1,A,R,NSDQ,,0,3.05,400,10
886,2016/12/27 15:55:26.406,141814393,1,A,R,NSDQ,,0,3.4,1000,2
887,2016/12/27 15:55:38.740,141940697,1,A,R,NSDQ,,0,2.9,150,8
888,2016/12/27 15:55:39.205,141945061,0,A,R,NSDQ,,0,2.75,300,9
889,2016/12/27 15:55:39.756,141949993,1,A,R,NSDQ,,0,3.1,500,0
890,2016/12/27 15:55:40.995,141963469,1,A,R,NSDQ,,0,2.85,2000,6
891,2016/12/27 15:55:41.081,141964245,0,A,R,NSDQ,,0,2.7,2000,0
892,2016/12/27 15:55:42.675,141978145,0,A,R,NSDQ,,0,2.8,200,1
893,2016/12/27 15:55:42.870,141979669,0,A,R,NSDQ,,0,2.8,2000,8
894,2016/12/27 15:55:43.931,141989885,0,A,R,NSDQ,,0,2.8,3500,5
895,2016/12/27 15:56:36.200,142530737,1,A,R,NSDQ,,0,2.9,300,5
896,2016/12/27 15:56:39.851,142564481,1,A,R,NSDQ,,0,2.85,20,5
897,2016/12/27 15:56:39.851,140863153,0,D,R,NSDQ,,0,2.8,0,6
898,2016/12/27 15:56:39.851,141799257,0,D,R,NSDQ,,0,2.8,0,7
899,2016/12/27 15:56:43.466,142605281,0,A,R,NSDQ,,0,2.8,100,0
900,2016/12/27 15:56:57.596,140710669,1,D,R,NSDQ,,0,2.85,0,12
901,2016/12/27 15:57:08.865,141309533,1,D,R,NSDQ,,0,2.9,0,46
902,2016/12/27 15:57:08.898,142893109,1,A,R,NSDQ,,0,2.9,200,3
903,2016/12/27 15:57:08.922,142894109,1,A,R,NSDQ,,0,2.85,200,58
904,2016/12/27 15:57:08.945,142893109,1,D,R,NSDQ,,0,2.9,0,11
905,2016/12/27 15:57:30.636,140262593,0,D,R,NSDQ,,0,2.8,0,2
906,2016/12/27 15:58:01.679,51754097,0,D,R,NSDQ,,0,2.8,0,3
907,2016/12/27 15:58:01.683,143583825,0,A,R,NSDQ,,0,2.8,182,0
908,2016/12/27 15:58:01.683,101336037,1,D,R,NSDQ,,0,2.85,0,6
909,2016/12/27 15:58:03.532,143583825,0,D,R,NSDQ,,0,2.8,0,44
910,2016/12/27 15:58:03.538,143619425,0,A,R,NSDQ,,0,2.8,82,7
911,2016/12/27 15:58:03.562,143619425,0,D,R,NSDQ,,0,2.8,0,4
912,2016/12/27 15:58:15.952,143781157,0,A,R,NSDQ,,0,2.75,100,28
913,2016/12/27 15:58:15.952,143781161,1,A,R,NSDQ,,0,2.9,100,30
914,2016/12/27 15:58:17.060,143797125,0,A,R,NSDQ,,0,2.75,142,3
915,2016/12/27 15:58:17.060,143797129,1,A,R,NSDQ,,0,2.9,142,4
916,2016/12/27 15:58:17.196,143781157,0,UD,R,NSDQ,,0,2.75,0,41
917,2016/12/27 15:58:17.196,143801129,0,UA,R,NSDQ,,0,2.8,100,42
918,2016/12/27 15:58:17.447,143801129,0,UD,R,NSDQ,,0,2.8,0,1
919,2016/12/27 15:58:17.447,143803177,0,UA,R,NSDQ,,0,2.75,100,2
920,2016/12/27 15:58:18.437,143815405,0,A,R,NSDQ,,0,2.8,203,6
921,2016/12/27 15:58:18.437,143815409,1,A,R,NSDQ,,0,2.85,203,8
922,2016/12/27 15:58:19.860,143832949,0,A,R,NSDQ,,0,2.8,241,18
923,2016/12/27 15:58:19.860,143832953,1,A,R,NSDQ,,0,2.85,241,19
924,2016/12/27 15:58:20.814,143832953,1,UD,R,NSDQ,,0,2.85,0,42
925,2016/12/27 15:58:20.814,143847469,1,UA,R,NSDQ,,0,2.9,241,43
926,2016/12/27 15:58:21.968,143815409,1,UD,R,NSDQ,,0,2.85,0,38
927,2016/12/27 15:58:21.968,143861917,1,UA,R,NSDQ,,0,2.9,203,39
928,2016/12/27 15:58:22.227,143861917,1,UD,R,NSDQ,,0,2.9,0,15
929,2016/12/27 15:58:22.227,143865693,1,UA,R,NSDQ,,0,2.85,203,16
930,2016/12/27 15:58:22.488,143865693,1,UD,R,NSDQ,,0,2.85,0,1
931,2016/12/27 15:58:22.488,143868241,1,UA,R,NSDQ,,0,2.9,203,2
932,2016/12/27 15:58:23.014,143868241,1,UD,R,NSDQ,,0,2.9,0,44
933,2016/12/27 15:58:23.014,143874105,1,UA,R,NSDQ,,0,2.85,203,45
934,2016/12/27 15:58:24.280,143874105,1,UD,R,NSDQ,,0,2.85,0,22
935,2016/12/27 15:58:24.280,143888841,1,UA,R,NSDQ,,0,2.9,203,23
936,2016/12/27 15:58:24.530,143888841,1,UD,R,NSDQ,,0,2.9,0,7
937,2016/12/27 15:58:24.530,143891033,1,UA,R,NSDQ,,0,2.85,203,8
938,2016/12/27 15:58:24.531,142605281,0,D,R,NSDQ,,0,2.8,0,0
939,2016/12/27 15:58:24.536,143891073,0,A,R,NSDQ,,0,2.8,100,7
940,2016/12/27 15:58:24.782,143891033,1,UD,R,NSDQ,,0,2.85,0,19
941,2016/12/27 15:58:24.782,143892861,1,UA,R,NSDQ,,0,2.9,203,20
942,2016/12/27 15:58:25.034,143892861,1,UD,R,NSDQ,,0,2.9,0,86
943,2016/12/27 15:58:25.034,143896385,1,UA,R,NSDQ,,0,2.85,203,87
944,2016/12/27 15:58:25.452,143797125,0,UD,R,NSDQ,,0,2.75,0,17
945,2016/12/27 15:58:25.452,143901185,0,UA,R,NSDQ,,0,2.8,142,18
946,2016/12/27 15:58:25.547,143896385,1,UD,R,NSDQ,,0,2.85,0,36
947,2016/12/27 15:58:25.547,143902353,1,UA,R,NSDQ,,0,2.9,203,37
948,2016/12/27 15:58:27.164,143803177,0,UD,R,NSDQ,,0,2.75,0,1
949,2016/12/27 15:58:27.164,143919961,0,UA,R,NSDQ,,0,2.8,100,2
950,2016/12/27 15:58:27.595,143902353,1,UD,R,NSDQ,,0,2.9,0,7
951,2016/12/27 15:58:27.595,143923193,1,UA,R,NSDQ,,0,2.85,203,8
952,2016/12/27 15:58:27.830,143847469,1,UD,R,NSDQ,,0,2.9,0,13
953,2016/12/27 15:58:27.830,143925485,1,UA,R,NSDQ,,0,2.85,241,14
954,2016/12/27 15:58:28.109,143923193,1,UD,R,NSDQ,,0,2.85,0,28
955,2016/12/27 15:58:28.109,143928989,1,UA,R,NSDQ,,0,2.9,203,29
956,2016/12/27 15:58:28.695,143919961,0,UD,R,NSDQ,,0,2.8,0,4
957,2016/12/27 15:58:28.695,143934665,0,UA,R,NSDQ,,0,2.75,100,5
958,2016/12/27 15:58:28.874,143928989,1,UD,R,NSDQ,,0,2.9,0,33
959,2016/12/27 15:58:28.874,143936293,1,UA,R,NSDQ,,0,2.85,203,34
960,2016/12/27 15:58:28.947,143934665,0,UD,R,NSDQ,,0,2.75,0,1
961,2016/12/27 15:58:28.947,143937217,0,UA,R,NSDQ,,0,2.8,100,2
962,2016/12/27 15:58:29.058,143901185,0,UD,R,NSDQ,,0,2.8,0,2
963,2016/12/27 15:58:29.058,143938657,0,UA,R,NSDQ,,0,2.75,142,3
964,2016/12/27 15:58:29.125,143936293,1,UD,R,NSDQ,,0,2.85,0,15
965,2016/12/27 15:58:29.125,143939825,1,UA,R,NSDQ,,0,2.9,203,16
966,2016/12/27 15:58:29.211,143937217,0,UD,R,NSDQ,,0,2.8,0,4
967,2016/12/27 15:58:29.211,143940913,0,UA,R,NSDQ,,0,2.75,100,5
968,2016/12/27 15:58:29.462,143940913,0,UD,R,NSDQ,,0,2.75,0,1
969,2016/12/27 15:58:29.462,143942869,0,UA,R,NSDQ,,0,2.8,100,2
970,2016/12/27 15:58:29.844,143925485,1,UD,R,NSDQ,,0,2.85,0,31
971,2016/12/27 15:58:29.844,143945813,1,UA,R,NSDQ,,0,2.9,241,32
972,2016/12/27 15:58:29.882,143939825,1,UD,R,NSDQ,,0,2.9,0,5
973,2016/12/27 15:58:29.882,143946217,1,UA,R,NSDQ,,0,2.85,203,6
974,2016/12/27 15:58:30.243,143942869,0,UD,R,NSDQ,,0,2.8,0,5
975,2016/12/27 15:58:30.243,143959785,0,UA,R,NSDQ,,0,2.75,100,6
976,2016/12/27 15:58:30.857,143945813,1,UD,R,NSDQ,,0,2.9,0,85
977,2016/12/27 15:58:30.857,143970181,1,UA,R,NSDQ,,0,2.85,241,86
978,2016/12/27 15:58:31.339,143797129,1,UD,R,NSDQ,,0,2.9,0,28
979,2016/12/27 15:58:31.339,143983705,1,UA,R,NSDQ,,0,2.85,142,29
980,2016/12/27 15:58:31.864,143832949,0,UD,R,NSDQ,,0,2.8,0,3
981,2016/12/27 15:58:31.864,143992285,0,UA,R,NSDQ,,0,2.75,241,4
982,2016/12/27 15:58:32.530,143781161,1,UD,R,NSDQ,,0,2.9,0,17
983,2016/12/27 15:58:32.530,144011329,1,UA,R,NSDQ,,0,2.85,100,18
984,2016/12/27 15:58:35.092,144055481,1,A,R,NSDQ,,0,2.85,200,9
985,2016/12/27 15:58:36.119,144011329,1,UD,R,NSDQ,,0,2.85,0,10
986,2016/12/27 15:58:36.119,144070685,1,UA,R,NSDQ,,0,2.9,100,11
987,2016/12/27 15:58:36.901,144070685,1,UD,R,NSDQ,,0,2.9,0,27
988,2016/12/27 15:58:36.901,144081817,1,UA,R,NSDQ,,0,2.85,100,28
989,2016/12/27 15:58:36.902,143891073,0,D,R,NSDQ,,0,2.8,0,4
990,2016/12/27 15:58:36.909,144082061,0,A,R,NSDQ,,0,2.8,100,9
991,2016/12/27 15:58:38.900,143815405,0,UD,R,NSDQ,,0,2.8,0,22
992,2016/12/27 15:58:38.900,144115545,0,UA,R,NSDQ,,0,2.75,203,23
993,2016/12/27 15:58:39.463,144081817,1,UD,R,NSDQ,,0,2.85,0,15
994,2016/12/27 15:58:39.463,144123557,1,UA,R,NSDQ,,0,2.9,100,16
995,2016/12/27 15:58:39.664,144115545,0,UD,R,NSDQ,,0,2.75,0,18
996,2016/12/27 15:58:39.664,144125697,0,UA,R,NSDQ,,0,2.8,203,19
997,2016/12/27 15:58:40.743,143983705,1,UD,R,NSDQ,,0,2.85,0,7
998,2016/12/27 15:58:40.743,144141965,1,UA,R,NSDQ,,0,2.9,142,8
999,2016/12/27 15:58:41.231,144125697,0,UD,R,NSDQ,,0,2.8,0,66
1000,2016/12/27 15:58:41.231,144147441,0,UA,R,NSDQ,,0,2.75,203,67
1001,2016/12/27 15:58:41.246,144141965,1,UD,R,NSDQ,,0,2.9,0,43
1002,2016/12/27 15:58:41.246,144148325,1,UA,R,NSDQ,,0,2.85,142,44
1003,2016/12/27 15:58:41.261,144123557,1,UD,R,NSDQ,,0,2.9,0,54
1004,2016/12/27 15:58:41.261,144148849,1,UA,R,NSDQ,,0,2.85,100,55
1005,2016/12/27 15:58:42.252,144147441,0,UD,R,NSDQ,,0,2.75,0,10
1006,2016/12/27 15:58:42.252,144161369,0,UA,R,NSDQ,,0,2.8,203,11
1007,2016/12/27 15:58:42.770,144161369,0,UD,R,NSDQ,,0,2.8,0,72
1008,2016/12/27 15:58:42.770,144166489,0,UA,R,NSDQ,,0,2.75,203,73
1009,2016/12/27 15:58:43.282,144166489,0,UD,R,NSDQ,,0,2.75,0,2
1010,2016/12/27 15:58:43.282,144173805,0,UA,R,NSDQ,,0,2.8,203,3
1011,2016/12/27 15:58:43.809,144148849,1,UD,R,NSDQ,,0,2.85,0,8
1012,2016/12/27 15:58:43.809,144181069,1,UA,R,NSDQ,,0,2.9,100,9
1013,2016/12/27 15:58:44.053,144173805,0,UD,R,NSDQ,,0,2.8,0,13
1014,2016/12/27 15:58:44.053,144184621,0,UA,R,NSDQ,,0,2.75,203,14
1015,2016/12/27 15:58:44.302,144184621,0,UD,R,NSDQ,,0,2.75,0,19
1016,2016/12/27 15:58:44.302,144188501,0,UA,R,NSDQ,,0,2.8,203,20
1017,2016/12/27 15:58:45.058,144148325,1,UD,R,NSDQ,,0,2.85,0,37
1018,2016/12/27 15:58:45.058,144205333,1,UA,R,NSDQ,,0,2.9,142,38
1019,2016/12/27 15:58:45.065,144188501,0,UD,R,NSDQ,,0,2.8,0,43
1020,2016/12/27 15:58:45.065,144205797,0,UA,R,NSDQ,,0,2.75,203,44
1021,2016/12/27 15:58:45.319,144205797,0,UD,R,NSDQ,,0,2.75,0,2
1022,2016/12/27 15:58:45.319,144213673,0,UA,R,NSDQ,,0,2.8,203,3
1023,2016/12/27 15:58:46.613,144213673,0,UD,R,NSDQ,,0,2.8,0,6
1024,2016/12/27 15:58:46.613,144234869,0,UA,R,NSDQ,,0,2.75,203,7
1025,2016/12/27 15:58:46.862,144234869,0,UD,R,NSDQ,,0,2.75,0,12
1026,2016/12/27 15:58:46.862,144238293,0,UA,R,NSDQ,,0,2.8,203,13
1027,2016/12/27 15:58:48.923,143992285,0,UD,R,NSDQ,,0,2.75,0,48
1028,2016/12/27 15:58:48.923,144293069,0,UA,R,NSDQ,,0,2.8,241,49
1029,2016/12/27 15:58:48.924,144082061,0,D,R,NSDQ,,0,2.8,0,54
1030,2016/12/27 15:58:50.006,56328661,0,D,R,NSDQ,,0,2.8,0,72
1031,2016/12/27 15:58:50.006,88166957,0,D,R,NSDQ,,0,2.8,0,94
1032,2016/12/27 15:58:52.253,143946217,1,UD,R,NSDQ,,0,2.85,0,52
1033,2016/12/27 15:58:52.253,144350745,1,UA,R,NSDQ,,0,2.9,203,53
1034,2016/12/27 15:58:52.264,143938657,0,UD,R,NSDQ,,0,2.75,0,93
1035,2016/12/27 15:58:52.264,144351777,0,UA,R,NSDQ,,0,2.8,142,94
1036,2016/12/27 15:58:52.290,143959785,0,UD,R,NSDQ,,0,2.75,0,6
1037,2016/12/27 15:58:52.290,144352641,0,UA,R,NSDQ,,0,2.8,100,7
1038,2016/12/27 15:58:52.486,144350745,1,UD,R,NSDQ,,0,2.9,0,8
1039,2016/12/27 15:58:52.486,144355541,1,UA,R,NSDQ,,0,2.85,203,9
1040,2016/12/27 15:58:52.915,144361941,1,A,R,NSDQ,,0,2.85,200,11
1041,2016/12/27 15:58:52.943,143970181,1,UD,R,NSDQ,,0,2.85,0,90
1042,2016/12/27 15:58:52.943,144362441,1,UA,R,NSDQ,,0,2.9,241,91
1043,2016/12/27 15:58:52.953,144362989,1,A,R,NSDQ,,0,2.85,100,25
1044,2016/12/27 15:58:53.338,144352641,0,UD,R,NSDQ,,0,2.8,0,4
1045,2016/12/27 15:58:53.338,144369729,0,UA,R,NSDQ,,0,2.75,100,5
1046,2016/12/27 15:58:53.591,144369729,0,UD,R,NSDQ,,0,2.75,0,12
1047,2016/12/27 15:58:53.591,144373269,0,UA,R,NSDQ,,0,2.8,100,13
1048,2016/12/27 15:58:53.852,144373269,0,UD,R,NSDQ,,0,2.8,0,41
1049,2016/12/27 15:58:53.852,144377357,0,UA,R,NSDQ,,0,2.75,100,42
1050,2016/12/27 15:58:53.941,144362441,1,UD,R,NSDQ,,0,2.9,0,106
1051,2016/12/27 15:58:53.941,144380073,1,UA,R,NSDQ,,0,2.85,241,107
1052,2016/12/27 15:58:54.055,144351777,0,UD,R,NSDQ,,0,2.8,0,59
1053,2016/12/27 15:58:54.055,144383265,0,UA,R,NSDQ,,0,2.75,142,60
1054,2016/12/27 15:58:55.320,144238293,0,UD,R,NSDQ,,0,2.8,0,75
1055,2016/12/27 15:58:55.320,144416989,0,UA,R,NSDQ,,0,2.75,203,76
1056,2016/12/27 15:58:55.337,144205333,1,UD,R,NSDQ,,0,2.9,0,1
1057,2016/12/27 15:58:55.337,144417761,1,UA,R,NSDQ,,0,2.85,142,2
1058,2016/12/27 15:58:55.587,144417761,1,UD,R,NSDQ,,0,2.85,0,5
1059,2016/12/27 15:58:55.587,144422513,1,UA,R,NSDQ,,0,2.9,142,6
1060,2016/12/27 15:58:55.589,130056601,1,D,R,NSDQ,,0,2.85,0,16
1061,2016/12/27 15:58:56.098,144416989,0,UD,R,NSDQ,,0,2.75,0,5
1062,2016/12/27 15:58:56.098,144431125,0,UA,R,NSDQ,,0,2.8,203,6
1063,2016/12/27 15:58:59.954,144498597,0,A,R,NSDQ,,0,2.8,100,5
1064,2016/12/27 15:59:00.666,144422513,1,UD,R,NSDQ,,0,2.9,0,21
1065,2016/12/27 15:59:00.666,144538753,1,UA,R,NSDQ,,0,2.85,142,22
1066,2016/12/27 15:59:00.916,144538753,1,UD,R,NSDQ,,0,2.85,0,16
1067,2016/12/27 15:59:00.916,144545629,1,UA,R,NSDQ,,0,2.9,142,17
1068,2016/12/27 15:59:01.167,144545629,1,UD,R,NSDQ,,0,2.9,0,16
1069,2016/12/27 15:59:01.167,144555153,1,UA,R,NSDQ,,0,2.85,142,17
1070,2016/12/27 15:59:01.431,144555153,1,UD,R,NSDQ,,0,2.85,0,12
1071,2016/12/27 15:59:01.431,144561969,1,UA,R,NSDQ,,0,2.9,142,13
1072,2016/12/27 15:59:02.699,144561969,1,UD,R,NSDQ,,0,2.9,0,7
1073,2016/12/27 15:59:02.699,144583029,1,UA,R,NSDQ,,0,2.85,142,8
1074,2016/12/27 15:59:03.004,144293069,0,UD,R,NSDQ,,0,2.8,0,102
1075,2016/12/27 15:59:03.004,144590421,0,UA,R,NSDQ,,0,2.75,241,103
1076,2016/12/27 15:59:03.981,144583029,1,UD,R,NSDQ,,0,2.85,0,10
1077,2016/12/27 15:59:03.981,144606585,1,UA,R,NSDQ,,0,2.9,142,11
1078,2016/12/27 15:59:05.003,144590421,0,UD,R,NSDQ,,0,2.75,0,96
1079,2016/12/27 15:59:05.003,144621137,0,UA,R,NSDQ,,0,2.8,241,97
1080,2016/12/27 15:59:06.810,144606585,1,UD,R,NSDQ,,0,2.9,0,14
1081,2016/12/27 15:59:06.810,144664641,1,UA,R,NSDQ,,0,2.85,142,15
1082,2016/12/27 15:59:07.018,144621137,0,UD,R,NSDQ,,0,2.8,0,1
1083,2016/12/27 15:59:07.018,144669169,0,UA,R,NSDQ,,0,2.75,241,2
1084,2016/12/27 15:59:07.112,144431125,0,UD,R,NSDQ,,0,2.8,0,138
1085,2016/12/27 15:59:07.112,144673709,0,UA,R,NSDQ,,0,2.75,203,139
1086,2016/12/27 15:59:07.182,144181069,1,UD,R,NSDQ,,0,2.9,0,27
1087,2016/12/27 15:59:07.182,144676085,1,UA,R,NSDQ,,0,2.85,100,28
1088,2016/12/27 15:59:07.612,144673709,0,UD,R,NSDQ,,0,2.75,0,13
1089,2016/12/27 15:59:07.612,144683609,0,UA,R,NSDQ,,0,2.8,203,14
1090,2016/12/27 15:59:09.914,144683609,0,UD,R,NSDQ,,0,2.8,0,5
1091,2016/12/27 15:59:09.914,144725701,0,UA,R,NSDQ,,0,2.75,203,6
1092,2016/12/27 15:59:10.161,144725701,0,UD,R,NSDQ,,0,2.75,0,57
1093,2016/12/27 15:59:10.161,144739249,0,UA,R,NSDQ,,0,2.8,203,58
1094,2016/12/27 15:59:11.689,144739249,0,UD,R,NSDQ,,0,2.8,0,75
1095,2016/12/27 15:59:11.689,144771965,0,UA,R,NSDQ,,0,2.75,203,76
1096,2016/12/27 15:59:13.475,144771965,0,UD,R,NSDQ,,0,2.75,0,14
1097,2016/12/27 15:59:13.475,144800805,0,UA,R,NSDQ,,0,2.8,203,15
1098,2016/12/27 15:59:14.072,144676085,1,UD,R,NSDQ,,0,2.85,0,2
1099,2016/12/27 15:59:14.072,144810097,1,UA,R,NSDQ,,0,2.9,100,3
1100,2016/12/27 15:59:14.723,144664641,1,UD,R,NSDQ,,0,2.85,0,12
1101,2016/12/27 15:59:14.723,144822941,1,UA,R,NSDQ,,0,2.9,142,13
1102,2016/12/27 15:59:15.498,144822941,1,UD,R,NSDQ,,0,2.9,0,15
1103,2016/12/27 15:59:15.498,144841961,1,UA,R,NSDQ,,0,2.85,142,16
1104,2016/12/27 15:59:15.759,144841961,1,UD,R,NSDQ,,0,2.85,0,6
1105,2016/12/27 15:59:15.759,144847369,1,UA,R,NSDQ,,0,2.9,142,7
1106,2016/12/27 15:59:17.049,144669169,0,UD,R,NSDQ,,0,2.75,0,161
1107,2016/12/27 15:59:17.049,144880097,0,UA,R,NSDQ,,0,2.8,241,162
1108,2016/12/27 15:59:18.047,144800805,0,UD,R,NSDQ,,0,2.8,0,57
1109,2016/12/27 15:59:18.047,144895477,0,UA,R,NSDQ,,0,2.75,203,58
1110,2016/12/27 15:59:18.812,144895477,0,UD,R,NSDQ,,0,2.75,0,42
1111,2016/12/27 15:59:18.812,144907745,0,UA,R,NSDQ,,0,2.8,203,43
1112,2016/12/27 15:59:20.848,144974077,1,A,R,NSDQ,,0,2.85,100,3
1113,2016/12/27 15:59:21.077,144380073,1,UD,R,NSDQ,,0,2.85,0,34
1114,2016/12/27 15:59:21.077,144978333,1,UA,R,NSDQ,,0,2.9,241,35
1115,2016/12/27 15:59:24.098,144978333,1,UD,R,NSDQ,,0,2.9,0,60
1116,2016/12/27 15:59:24.098,145027217,1,UA,R,NSDQ,,0,2.85,241,61
1117,2016/12/27 15:59:28.115,145027217,1,UD,R,NSDQ,,0,2.85,0,31
1118,2016/12/27 15:59:28.115,145094945,1,UA,R,NSDQ,,0,2.9,241,32
1119,2016/12/27 15:59:29.127,145094945,1,UD,R,NSDQ,,0,2.9,0,8
1120,2016/12/27 15:59:29.127,145108193,1,UA,R,NSDQ,,0,2.85,241,9
1121,2016/12/27 15:59:29.410,144974077,1,D,R,NSDQ,,0,2.85,0,4
1122,2016/12/27 15:59:30.039,145131805,0,A,R,NSDQ,,0,2.8,100,126
1123,2016/12/27 15:59:32.082,130413157,1,D,R,NSDQ,,0,2.85,0,4
1124,2016/12/27 15:59:32.082,145210881,0,A,R,NSDQ,,0,2.8,959,11
1125,2016/12/27 15:59:32.083,145210941,1,A,R,NSDQ,,0,2.85,4100,7
1126,2016/12/27 15:59:32.526,144810097,1,UD,R,NSDQ,,0,2.9,0,40
1127,2016/12/27 15:59:32.526,145231901,1,UA,R,NSDQ,,0,2.85,100,41
1128,2016/12/27 15:59:33.041,145231901,1,UD,R,NSDQ,,0,2.85,0,55
1129,2016/12/27 15:59:33.041,145249113,1,UA,R,NSDQ,,0,2.9,100,56
1130,2016/12/27 15:59:33.166,144847369,1,UD,R,NSDQ,,0,2.9,0,29
1131,2016/12/27 15:59:33.166,145257505,1,UA,R,NSDQ,,0,2.85,142,30
1132,2016/12/27 15:59:33.168,144880097,0,UD,R,NSDQ,,0,2.8,0,89
1133,2016/12/27 15:59:33.168,145257625,0,UA,R,NSDQ,,0,2.75,241,90
1134,2016/12/27 15:59:33.184,144907745,0,UD,R,NSDQ,,0,2.8,0,106
1135,2016/12/27 15:59:33.184,145258629,0,UA,R,NSDQ,,0,2.75,203,107
1136,2016/12/27 15:59:33.293,145249113,1,UD,R,NSDQ,,0,2.9,0,6
1137,2016/12/27 15:59:33.293,145263473,1,UA,R,NSDQ,,0,2.85,100,7
1138,2016/12/27 15:59:33.427,145258629,0,UD,R,NSDQ,,0,2.75,0,27
1139,2016/12/27 15:59:33.427,145266933,0,UA,R,NSDQ,,0,2.8,203,28
1140,2016/12/27 15:59:33.808,145263473,1,UD,R,NSDQ,,0,2.85,0,17
1141,2016/12/27 15:59:33.808,145277557,1,UA,R,NSDQ,,0,2.9,100,18
1142,2016/12/27 15:59:33.919,145257505,1,UD,R,NSDQ,,0,2.85,0,31
1143,2016/12/27 15:59:33.919,145279077,1,UA,R,NSDQ,,0,2.9,142,32
1144,2016/12/27 15:59:34.163,145257625,0,UD,R,NSDQ,,0,2.75,0,15
1145,2016/12/27 15:59:34.163,145287721,0,UA,R,NSDQ,,0,2.8,241,16
1146,2016/12/27 15:59:36.106,145277557,1,UD,R,NSDQ,,0,2.9,0,9
1147,2016/12/27 15:59:36.106,145344281,1,UA,R,NSDQ,,0,2.85,100,10
1148,2016/12/27 15:59:36.163,145287721,0,UD,R,NSDQ,,0,2.8,0,42
1149,2016/12/27 15:59:36.163,145345317,0,UA,R,NSDQ,,0,2.75,241,43
1150,2016/12/27 15:59:36.244,145279077,1,UD,R,NSDQ,,0,2.9,0,10
1151,2016/12/27 15:59:36.244,145346789,1,UA,R,NSDQ,,0,2.85,142,11
1152,2016/12/27 15:59:36.261,145347121,0,A,R,NSDQ,,0,2.8,76,44
1153,2016/12/27 15:59:36.494,145346789,1,UD,R,NSDQ,,0,2.85,0,1
1154,2016/12/27 15:59:36.494,145352209,1,UA,R,NSDQ,,0,2.9,142,2
1155,2016/12/27 15:59:36.620,145344281,1,UD,R,NSDQ,,0,2.85,0,19
1156,2016/12/27 15:59:36.620,145354385,1,UA,R,NSDQ,,0,2.9,100,20
1157,2016/12/27 15:59:39.107,144355541,1,UD,R,NSDQ,,0,2.85,0,78
1158,2016/12/27 15:59:39.107,145394713,1,UA,R,NSDQ,,0,2.9,203,79
1159,2016/12/27 15:59:39.177,145345317,0,UD,R,NSDQ,,0,2.75,0,18
1160,2016/12/27 15:59:39.177,145396641,0,UA,R,NSDQ,,0,2.8,241,19
1161,2016/12/27 15:59:39.609,145394713,1,UD,R,NSDQ,,0,2.9,0,20
1162,2016/12/27 15:59:39.609,145404057,1,UA,R,NSDQ,,0,2.85,203,21
1163,2016/12/27 15:59:40.089,145352209,1,UD,R,NSDQ,,0,2.9,0,59
1164,2016/12/27 15:59:40.089,145422957,1,UA,R,NSDQ,,0,2.85,142,60
1165,2016/12/27 15:59:40.178,145396641,0,UD,R,NSDQ,,0,2.8,0,63
1166,2016/12/27 15:59:40.178,145428701,0,UA,R,NSDQ,,0,2.75,241,64
1167,2016/12/27 15:59:40.201,145354385,1,UD,R,NSDQ,,0,2.9,0,54
1168,2016/12/27 15:59:40.201,145430525,1,UA,R,NSDQ,,0,2.85,100,55
1169,2016/12/27 15:59:40.379,145266933,0,UD,R,NSDQ,,0,2.8,0,72
1170,2016/12/27 15:59:40.379,145437301,0,UA,R,NSDQ,,0,2.75,203,73
1171,2016/12/27 15:59:40.627,145437301,0,UD,R,NSDQ,,0,2.75,0,86
1172,2016/12/27 15:59:40.627,145445997,0,UA,R,NSDQ,,0,2.8,203,87
1173,2016/12/27 15:59:40.879,145445997,0,UD,R,NSDQ,,0,2.8,0,77
1174,2016/12/27 15:59:40.879,145454309,0,UA,R,NSDQ,,0,2.75,203,78
1175,2016/12/27 15:59:41.263,145347121,0,D,R,NSDQ,,0,2.8,0,2
1176,2016/12/27 15:59:41.393,145454309,0,UD,R,NSDQ,,0,2.75,0,70
1177,2016/12/27 15:59:41.393,145473489,0,UA,R,NSDQ,,0,2.8,203,71
1178,2016/12/27 15:59:41.873,145422957,1,UD,R,NSDQ,,0,2.85,0,2
1179,2016/12/27 15:59:41.873,145485913,1,UA,R,NSDQ,,0,2.9,142,3
1180,2016/12/27 15:59:42.011,145430525,1,UD,R,NSDQ,,0,2.85,0,108
1181,2016/12/27 15:59:42.011,145490841,1,UA,R,NSDQ,,0,2.9,100,109
1182,2016/12/27 15:59:43.058,145490841,1,UD,R,NSDQ,,0,2.9,0,116
1183,2016/12/27 15:59:43.058,145521137,1,UA,R,NSDQ,,0,2.85,100,117
1184,2016/12/27 15:59:43.430,145404057,1,UD,R,NSDQ,,0,2.85,0,47
1185,2016/12/27 15:59:43.430,145529857,1,UA,R,NSDQ,,0,2.9,203,48
1186,2016/12/27 15:59:43.573,145521137,1,UD,R,NSDQ,,0,2.85,0,2
1187,2016/12/27 15:59:43.573,145532425,1,UA,R,NSDQ,,0,2.9,100,3
1188,2016/12/27 15:59:44.224,145428701,0,UD,R,NSDQ,,0,2.75,0,8
1189,2016/12/27 15:59:44.224,145547325,0,UA,R,NSDQ,,0,2.8,241,9
1190,2016/12/27 15:59:44.462,145529857,1,UD,R,NSDQ,,0,2.9,0,15
1191,2016/12/27 15:59:44.462,145551365,1,UA,R,NSDQ,,0,2.85,203,16
1192,2016/12/27 15:59:45.039,145566725,1,A,R,NSDQ,,0,2.85,2500,70
1193,2016/12/27 15:59:45.224,145547325,0,UD,R,NSDQ,,0,2.8,0,31
1194,2016/12/27 15:59:45.224,145573933,0,UA,R,NSDQ,,0,2.75,241,32
1195,2016/12/27 15:59:45.409,139993017,1,D,R,NSDQ,,0,2.85,0,2
1196,2016/12/27 15:59:45.977,145551365,1,UD,R,NSDQ,,0,2.85,0,84
1197,2016/12/27 15:59:45.977,145591693,1,UA,R,NSDQ,,0,2.9,203,85
1198,2016/12/27 15:59:46.235,145591693,1,UD,R,NSDQ,,0,2.9,0,52
1199,2016/12/27 15:59:46.235,145598837,1,UA,R,NSDQ,,0,2.85,203,53
1200,2016/12/27 15:59:47.238,145573933,0,UD,R,NSDQ,,0,2.75,0,111
1201,2016/12/27 15:59:47.238,145620477,0,UA,R,NSDQ,,0,2.8,241,112
1202,2016/12/27 15:59:47.530,145598837,1,UD,R,NSDQ,,0,2.85,0,124
1203,2016/12/27 15:59:47.530,145627277,1,UA,R,NSDQ,,0,2.9,203,125
1204,2016/12/27 15:59:48.287,145627277,1,UD,R,NSDQ,,0,2.9,0,29
1205,2016/12/27 15:59:48.287,145646681,1,UA,R,NSDQ,,0,2.85,203,30
1206,2016/12/27 15:59:48.531,145646681,1,UD,R,NSDQ,,0,2.85,0,62
1207,2016/12/27 15:59:48.531,145653789,1,UA,R,NSDQ,,0,2.9,203,63
1208,2016/12/27 15:59:49.809,145653789,1,UD,R,NSDQ,,0,2.9,0,43
1209,2016/12/27 15:59:49.809,145687233,1,UA,R,NSDQ,,0,2.85,203,44
1210,2016/12/27 15:59:50.014,144361941,1,D,R,NSDQ,,0,2.85,0,17
1211,2016/12/27 15:59:50.014,144362989,1,D,R,NSDQ,,0,2.85,0,58
1212,2016/12/27 15:59:50.065,145687233,1,UD,R,NSDQ,,0,2.85,0,137
1213,2016/12/27 15:59:50.065,145707053,1,UA,R,NSDQ,,0,2.9,203,138
1214,2016/12/27 15:59:50.157,145713457,0,A,R,NSDQ,,0,2.75,1100,45
1215,2016/12/27 15:59:50.157,145713461,1,A,R,NSDQ,,0,2.9,1100,52
1216,2016/12/27 15:59:50.163,145713813,0,A,R,NSDQ,,0,2.8,1100,113
1217,2016/12/27 15:59:50.163,145713817,1,A,R,NSDQ,,0,2.85,1100,114
1218,2016/12/27 15:59:50.349,145707053,1,UD,R,NSDQ,,0,2.9,0,62
1219,2016/12/27 15:59:50.349,145719997,1,UA,R,NSDQ,,0,2.85,203,63
1220,2016/12/27 15:59:53.872,145719997,1,UD,R,NSDQ,,0,2.85,0,78
1221,2016/12/27 15:59:53.872,145826801,1,UA,R,NSDQ,,0,2.9,203,79
1222,2016/12/27 15:59:53.902,144383265,0,UD,R,NSDQ,,0,2.75,0,22
1223,2016/12/27 15:59:53.902,145828097,0,UA,R,NSDQ,,0,2.8,142,23
1224,2016/12/27 15:59:54.134,145826801,1,UD,R,NSDQ,,0,2.9,0,42
1225,2016/12/27 15:59:54.134,145839877,1,UA,R,NSDQ,,0,2.85,203,43
1226,2016/12/27 15:59:54.154,145828097,0,UD,R,NSDQ,,0,2.8,0,27
1227,2016/12/27 15:59:54.154,145840937,0,UA,R,NSDQ,,0,2.75,142,28
1228,2016/12/27 15:59:54.293,144377357,0,UD,R,NSDQ,,0,2.75,0,12
1229,2016/12/27 15:59:54.293,145844145,0,UA,R,NSDQ,,0,2.8,100,13
1230,2016/12/27 15:59:54.307,145108193,1,UD,R,NSDQ,,0,2.85,0,93
1231,2016/12/27 15:59:54.307,145844877,1,UA,R,NSDQ,,0,2.9,241,94
1232,2016/12/27 15:59:54.382,145839877,1,UD,R,NSDQ,,0,2.85,0,11
1233,2016/12/27 15:59:54.382,145847429,1,UA,R,NSDQ,,0,2.9,203,12
1234,2016/12/27 15:59:54.631,145847429,1,UD,R,NSDQ,,0,2.9,0,9
1235,2016/12/27 15:59:54.631,145854681,1,UA,R,NSDQ,,0,2.85,203,10
1236,2016/12/27 15:59:54.667,145840937,0,UD,R,NSDQ,,0,2.75,0,59
1237,2016/12/27 15:59:54.667,145855745,0,UA,R,NSDQ,,0,2.8,142,60
1238,2016/12/27 15:59:55.000,138620101,0,D,R,NSDQ,,0,2.8,0,279
1239,2016/12/27 15:59:55.000,28137309,0,D,R,NSDQ,,0,2.65,0,282
1240,2016/12/27 15:59:55.000,138620105,0,D,R,NSDQ,,0,2.8,0,283
1241,2016/12/27 15:59:55.000,28137313,0,D,R,NSDQ,,0,2.65,0,285
1242,2016/12/27 15:59:55.000,28137285,0,D,R,NSDQ,,0,2.75,0,286
1243,2016/12/27 15:59:55.000,28137293,0,D,R,NSDQ,,0,2.7,0,290
1244,2016/12/27 15:59:55.000,28137297,0,D,R,NSDQ,,0,2.7,0,292
1245,2016/12/27 15:59:55.000,28137289,0,D,R,NSDQ,,0,2.75,0,293
1246,2016/12/27 15:59:55.000,28137325,0,D,R,NSDQ,,0,2.6,0,296
1247,2016/12/27 15:59:55.000,28137329,0,D,R,NSDQ,,0,2.6,0,309
1248,2016/12/27 15:59:55.015,141724245,0,D,R,NSDQ,,0,2.8,0,119
1249,2016/12/27 15:59:55.019,142564481,1,D,R,NSDQ,,0,2.85,0,185
1250,2016/12/27 15:59:55.219,145899393,0,A,R,NSDQ,,0,2.75,400,119
1251,2016/12/27 15:59:55.975,138508457,1,UD,R,NSDQ,,0,3,0,20
1252,2016/12/27 15:59:55.975,145936141,1,UA,R,NSDQ,,0,2.95,200,21
1253,2016/12/27 15:59:56.975,138508469,0,UD,R,NSDQ,,0,2.7,0,32
1254,2016/12/27 15:59:56.975,145976109,0,UA,R,NSDQ,,0,2.75,200,33
1255,2016/12/27 15:59:56.975,138508465,1,UD,R,NSDQ,,0,2.95,0,36
1256,2016/12/27 15:59:56.975,145976113,1,UA,R,NSDQ,,0,2.9,100,37
1257,2016/12/27 15:59:57.615,146004729,1,A,R,NSDQ,,0,2.9,2800,48
1258,2016/12/27 15:59:57.615,146004733,0,A,R,NSDQ,,0,2.75,500,50
1259,2016/12/27 15:59:57.646,146006177,1,A,R,NSDQ,,0,2.85,1800,33
1260,2016/12/27 15:59:57.646,146006181,0,A,R,NSDQ,,0,2.75,400,46
1261,2016/12/27 15:59:57.660,146007157,1,A,R,NSDQ,,0,2.85,1800,33
1262,2016/12/27 15:59:57.660,146007165,0,A,R,NSDQ,,0,2.75,400,35
1263,2016/12/27 15:59:57.975,145936141,1,UD,R,NSDQ,,0,2.95,0,9
1264,2016/12/27 15:59:57.975,146024297,1,UA,R,NSDQ,,0,2.9,200,10
1265,2016/12/27 15:59:58.009,144498597,0,D,R,NSDQ,,0,2.8,0,159
1266,2016/12/27 15:59:58.009,145131805,0,D,R,NSDQ,,0,2.8,0,169
1267,2016/12/27 15:59:58.620,146063657,1,A,R,NSDQ,,0,2.85,200,91
1268,2016/12/27 15:59:58.620,146063661,1,A,R,NSDQ,,0,2.95,200,94
1269,2016/12/27 15:59:58.621,146063673,1,A,R,NSDQ,,0,2.9,200,6
1270,2016/12/27 15:59:59.260,138657345,1,UD,R,NSDQ,,0,2.85,0,30
1271,2016/12/27 15:59:59.260,146103965,1,UA,R,NSDQ,,0,2.95,200,31
1272,2016/12/27 15:59:59.260,146103977,1,A,R,NSDQ,,0,3,200,67
1273,2016/12/27 15:59:59.708,146127261,1,A,R,NSDQ,,0,2.85,100,309
1274,2016/12/27 15:59:59.708,146127269,0,A,R,NSDQ,,0,2.8,100,315
1275,2016/12/27 15:59:59.708,145566725,1,D,R,NSDQ,,0,2.85,0,319
1276,2016/12/27 15:59:59.910,21097601,1,EA,R,NSDQ,,0,2.85,0,105
1277,2016/12/27 15:59:59.910,21097609,1,EA,R,NSDQ,,0,2.85,0,107
1278,2016/12/27 15:59:59.910,141963469,1,EA,R,NSDQ,,0,2.85,1896,109
1279,2016/12/27 15:59:59.910,146139977,1,A,R,NSDQ,,0,2.85,1500,123
1280,2016/12/27 15:59:59.910,146139989,1,A,R,NSDQ,,0,2.85,200,128
1281,2016/12/27 15:59:59.944,138657349,0,D,R,NSDQ,,0,2.8,0,56
1282,2016/12/27 15:59:59.944,138657357,1,D,R,NSDQ,,0,2.9,0,57
1283,2016/12/27 15:59:59.944,146103965,1,D,R,NSDQ,,0,2.95,0,58
1284,2016/12/27 15:59:59.944,146103977,1,D,R,NSDQ,,0,3,0,64
